[{"text": "Jacek Sutryk na Orszak Trzech Kr\u00f3li zaprosi\u0142 nowy symbol miasta, czyli Smog WrocLove'ski, kt\u00f3ry k\u0142\u0119bi\u0142 si\u0119 pod telebimem\ud83e\udd23 https://t.co/isgha6QGhg", "engagement": {"like_count": 0, "retweet_count": 0, "quote_count": 0, "reply_count": 0, "view_count": "61"}, "ids": {"id_user": "1508743642718027778", "id_tweet": "1876261990878117969", "reply_twit": null}, "user": {"tweets_count": 363, "followers_count": 3, "favourites_count": 92, "listed_count": 0, "withheld_in_countries": [], "is_verified_paid_blue": false, "is_verified_unpaid": false}, "created_at": "Mon Jan 06 13:38:12 +0000 2025"}, {"text": "Dlaczego auta elektryczne s\u0105 dobre? Bo poprawiaj\u0105 jako\u015b\u0107 powietrza w miastach.\n\nNp. w Pekinie gdzie smog jak na obrazku to ju\u017c przesz\u0142o\u015b\u0107.\nWraz ze wzrostem ilo\u015bci aut elektrycznych na ulicach, i spadkiem ilo\u015bci aut spalinowych, zdecydowanie poprawia si\u0119 jako\u015b\u0107 powietrza.\n2024r https://t.co/8O0dMW31jb", "engagement": {"like_count": 47, "retweet_count": 4, "quote_count": 2, "reply_count": 18, "view_count": "5262"}, "ids": {"id_user": "1568293375261933571", "id_tweet": "1877021377716171070", "reply_twit": null}, "user": {"tweets_count": 39367, "followers_count": 4953, "favourites_count": 46493, "listed_count": 46, "withheld_in_countries": [], "is_verified_paid_blue": false, "is_verified_unpaid": false}, "created_at": "Wed Jan 08 15:55:44 +0000 2025"}, {"text": "...czy smog LA wygrywa z krakowskim? https://t.co/yOeAwb1Ktg", "engagement": {"like_count": 1, "retweet_count": 0, "quote_count": 0, "reply_count": 0, "view_count": "36"}, "ids": {"id_user": "78596500", "id_tweet": "1874615228241248672", "reply_twit": null}, "user": {"tweets_count": 2763, "followers_count": 389, "favourites_count": 690, "listed_count": 4, "withheld_in_countries": [], "is_verified_paid_blue": false, "is_verified_unpaid": false}, "created_at": "Thu Jan 02 00:34:33 +0000 2025"}, {"text": "Masz BMW, masz nakaz skr\u0119tu w prawo, pas wjazdowy. Co robisz? \nStoisz minut\u0119.\nTr\u0105bi\u0105?\nWrzucasz kierunek w lewo. Stoisz kolejn\u0105 minut\u0119.\nTr\u0105bi\u0105 bo\u015b idiota?\nPr\u00f3bujesz po tej szklance przeci\u0105\u0107 3 pasy, pomimo zakazu.\nA wystarczy\u0142by solidny betonik oddzielaj\u0105cy pasy, lub kamery. https://t.co/MXLuo4G7rf", "engagement": {"like_count": 1, "retweet_count": 0, "quote_count": 1, "reply_count": 0, "view_count": "143"}, "ids": {"id_user": "1324765102315360258", "id_tweet": "1878135340482834749", "reply_twit": null}, "user": {"tweets_count": 11227, "followers_count": 616, "favourites_count": 17100, "listed_count": 5, "withheld_in_countries": [], "is_verified_paid_blue": false, "is_verified_unpaid": false}, "created_at": "Sat Jan 11 17:42:13 +0000 2025"}, {"text": "#SMOG JEST PI\u0118KNY\nSamorz\u0105d promuje nisk\u0105 emisj\u0119 zdj\u0119ciem na g\u0142\u00f3wnej https://t.co/2atsDbieQg", "engagement": {"like_count": 0, "retweet_count": 0, "quote_count": 1, "reply_count": 0, "view_count": "36"}, "ids": {"id_user": "3031359783", "id_tweet": "1873757776801124361", "reply_twit": null}, "user": {"tweets_count": 2135, "followers_count": 36, "favourites_count": 2693, "listed_count": 1, "withheld_in_countries": [], "is_verified_paid_blue": false, "is_verified_unpaid": false}, "created_at": "Mon Dec 30 15:47:21 +0000 2024", "hashtags": ["SMOG"]}, {"text": "\u201e\u015bwie\u017cy\u201d \u015bl\u0105ski \u015bnieg \ud83d\ude02\ud83d\ude37\ud83d\udca9\ud83d\udca9\ud83d\udca9 #zakazpalenia #trucie #czystepowietrze https://t.co/BA65foxMpm", "engagement": {"like_count": 0, "retweet_count": 0, "quote_count": 0, "reply_count": 0, "view_count": "61"}, "ids": {"id_user": "1324765102315360258", "id_tweet": "1878402546760286352", "reply_twit": null}, "user": {"tweets_count": 11227, "followers_count": 616, "favourites_count": 17100, "listed_count": 5, "withheld_in_countries": [], "is_verified_paid_blue": false, "is_verified_unpaid": false}, "created_at": "Sun Jan 12 11:24:00 +0000 2025", "hashtags": ["zakazpalenia", "trucie", "czystepowietrze"]}, {"text": "Its the China \ud83c\udde8\ud83c\uddf3 Smog \ud83d\udc4d\ud83d\ude06 5ghz https://t.co/sCVgEQFbqV", "engagement": {"like_count": 0, "retweet_count": 0, "quote_count": 0, "reply_count": 0, "view_count": "21"}, "ids": {"id_user": "950685470379462656", "id_tweet": "1874378769806573726", "reply_twit": null}, "user": {"tweets_count": 41652, "followers_count": 267, "favourites_count": 29821, "listed_count": 11, "withheld_in_countries": [], "is_verified_paid_blue": false, "is_verified_unpaid": false}, "created_at": "Wed Jan 01 08:54:57 +0000 2025"}, {"text": "Chemtrails? Oczywi\u015bcie, \u017ce istniej\u0105! G\u0142owym okiem wida\u0107 jak nas truj\u0105 i wypuszczaj\u0105 w powietrzu chemiczne smugi! Dowody? Niestety wszystko tuszuj\u0105, ale na pewno jest to prawda!\n\nSmog? \u017be niby \u015bmierdzi i wida\u0107 go\u0142ym okiem? Oczywi\u015bcie, \u017ce to lewacki fejk. Nie ma \u017cadnego smogu, https://t.co/y3DW0yvBdB", "engagement": {"like_count": 1957, "retweet_count": 135, "quote_count": 1, "reply_count": 56, "view_count": "50738"}, "ids": {"id_user": "1439683967901372417", "id_tweet": "1876175369339850925", "reply_twit": null}, "user": {"tweets_count": 9699, "followers_count": 39464, "favourites_count": 6395, "listed_count": 167, "withheld_in_countries": [], "is_verified_paid_blue": false, "is_verified_unpaid": false}, "created_at": "Mon Jan 06 07:54:00 +0000 2025"}, {"text": "Puchalska\n\n\u274c 5 pas\u00f3w dla aut w jednym kierunku\n\u274c brak infrastruktury rowerowej\n\u274c w\u0105skie chodniki\n\u274c brak zieleni\n\u274c smog\n\u274c ha\u0142as\n\n@trzaskowski_ lubi to. https://t.co/lkl7vWLNS0", "engagement": {"like_count": 119, "retweet_count": 4, "quote_count": 2, "reply_count": 27, "view_count": "7136"}, "ids": {"id_user": "1682052580388610048", "id_tweet": "1878144918838825009", "reply_twit": null}, "user": {"tweets_count": 4439, "followers_count": 805, "favourites_count": 4856, "listed_count": 12, "withheld_in_countries": [], "is_verified_paid_blue": false, "is_verified_unpaid": false}, "created_at": "Sat Jan 11 18:20:17 +0000 2025"}, {"text": "Czy w krakowskim powietrzu s\u0105 dioksyny? Naukowcy Politechniki Krakowskiej zacz\u0119li badania monitoringowe \u2014 https://t.co/SV4YHGaL5J https://t.co/8XUHYD0zn1 #smog #krak\u00f3w", "engagement": {"like_count": 0, "retweet_count": 0, "quote_count": 0, "reply_count": 0, "view_count": "14"}, "ids": {"id_user": "1605555989876465667", "id_tweet": "1874024694686392793", "reply_twit": null}, "user": {"tweets_count": 4773, "followers_count": 126, "favourites_count": 1507, "listed_count": 3, "withheld_in_countries": [], "is_verified_paid_blue": false, "is_verified_unpaid": false}, "created_at": "Tue Dec 31 09:27:59 +0000 2024", "hashtags": ["smog", "krak\u00f3w"]}, {"text": "smog city dzie\u0144 dobry", "engagement": {"like_count": 2, "retweet_count": 0, "quote_count": 0, "reply_count": 2, "view_count": "37"}, "ids": {"id_user": "1489401640931233795", "id_tweet": "1874505633959170155", "reply_twit": null}, "user": {"tweets_count": 15553, "followers_count": 32, "favourites_count": 36371, "listed_count": 2, "withheld_in_countries": [], "is_verified_paid_blue": false, "is_verified_unpaid": false}, "created_at": "Wed Jan 01 17:19:04 +0000 2025"}, {"text": "Putin tnie covid, smog t\u0119pi Putina, kosmici owijaj\u0105 smog... https://t.co/VXz1EIaprI", "engagement": {"like_count": 5, "retweet_count": 0, "quote_count": 1, "reply_count": 0, "view_count": "120"}, "ids": {"id_user": "1395782141959675904", "id_tweet": "1874060243875065902", "reply_twit": null}, "user": {"tweets_count": 16342, "followers_count": 1198, "favourites_count": 22604, "listed_count": 3, "withheld_in_countries": [], "is_verified_paid_blue": false, "is_verified_unpaid": false}, "created_at": "Tue Dec 31 11:49:15 +0000 2024"}, {"text": "Smogu nie ma, wieje. Z leksza trzeba by\u0107 naiwnym my\u015bl\u0105c \u017ce lokalnie nie cuchnie i wali py\u0142em po twarzy. #zakazpalenia #trucie #zdrowie #czystepowietrze https://t.co/JypQB67AOh", "engagement": {"like_count": 2, "retweet_count": 2, "quote_count": 0, "reply_count": 0, "view_count": "175"}, "ids": {"id_user": "1324765102315360258", "id_tweet": "1878072260197482917", "reply_twit": null}, "user": {"tweets_count": 11227, "followers_count": 616, "favourites_count": 17100, "listed_count": 5, "withheld_in_countries": [], "is_verified_paid_blue": false, "is_verified_unpaid": false}, "created_at": "Sat Jan 11 13:31:34 +0000 2025", "hashtags": ["zakazpalenia", "trucie", "zdrowie", "czystepowietrze"]}, {"text": "Ostatnie dni na \u015bl\u0105sku to mocne dowody na to, \u017ce niestety smog nadal jest problemem.\n\nO smogu, ale i o \"strzelaniu na sylwestra\" m\u00f3wi w TVN, TVP i Polsacie nasz ekspert Patryk Bia\u0142as.\n\nJe\u017celi szukacie informacji o smogu to polecamy ten film: https://t.co/nn70qoX8NU https://t.co/10MiF51kiV", "engagement": {"like_count": 1, "retweet_count": 0, "quote_count": 0, "reply_count": 0, "view_count": "22"}, "ids": {"id_user": "872006728757518337", "id_tweet": "1873698710997094788", "reply_twit": null}, "user": {"tweets_count": 448, "followers_count": 346, "favourites_count": 391, "listed_count": 2, "withheld_in_countries": [], "is_verified_paid_blue": false, "is_verified_unpaid": false}, "created_at": "Mon Dec 30 11:52:38 +0000 2024"}, {"text": "Ca\u0142e popo\u0142udnie na spacerze, multum ciekawych i mniej ciekawych zdj\u0119\u0107, a potem za oknem:\nniebo p\u0142on\u0105ce t\u0119cz\u0105,Tatry s\u0142owackie, smog nad Nowym S\u0105czem, choinka w ogrodzie . https://t.co/DkZxeBUc3x", "engagement": {"like_count": 40, "retweet_count": 0, "quote_count": 0, "reply_count": 4, "view_count": "405"}, "ids": {"id_user": "1571453023980863488", "id_tweet": "1874482667028402557", "reply_twit": null}, "user": {"tweets_count": 16962, "followers_count": 435, "favourites_count": 83927, "listed_count": 5, "withheld_in_countries": [], "is_verified_paid_blue": false, "is_verified_unpaid": false}, "created_at": "Wed Jan 01 15:47:48 +0000 2025"}, {"text": "Smog min\u0105\u0142. Wiele os\u00f3b, dla zwr\u00f3cenia uwagi na smog w Polsce, wybiera map\u0119 Airly, kt\u00f3ra ma ma\u0142\u0105 g\u0119sto\u015b\u0107 czujnik\u00f3w w najbardziej smogowych regionach Europy \u2013 we W\u0142oszech i na Ba\u0142kanach (smog trwa tam wi\u0119kszo\u015b\u0107 zimy) Dlaczego?\n\u0179r\u00f3d\u0142o: https://t.co/5NGEo5sH48\nhttps://t.co/zs75zBN62R https://t.co/9GXr33Ojd1", "engagement": {"like_count": 48, "retweet_count": 10, "quote_count": 1, "reply_count": 2, "view_count": "977"}, "ids": {"id_user": "1607874884419346434", "id_tweet": "1874512490706677985", "reply_twit": null}, "user": {"tweets_count": 14900, "followers_count": 531, "favourites_count": 9653, "listed_count": 5, "withheld_in_countries": [], "is_verified_paid_blue": false, "is_verified_unpaid": false}, "created_at": "Wed Jan 01 17:46:19 +0000 2025"}, {"text": "Dla odmiany... Od wczoraj Wiech nie tylko czuje smog, ale go te\u017c widzi. A potem spada czarny deszcz. https://t.co/cpTRG1tfiH", "engagement": {"like_count": 1, "retweet_count": 0, "quote_count": 1, "reply_count": 0, "view_count": "28"}, "ids": {"id_user": "1500176131605123076", "id_tweet": "1874093111028441592", "reply_twit": null}, "user": {"tweets_count": 23854, "followers_count": 289, "favourites_count": 75943, "listed_count": 8, "withheld_in_countries": [], "is_verified_paid_blue": false, "is_verified_unpaid": false}, "created_at": "Tue Dec 31 13:59:51 +0000 2024"}, {"text": "Ruszamy dupy i wci\u0105gamy smog \ud83d\ude09 https://t.co/BRm3PHnB6A", "engagement": {"like_count": 4, "retweet_count": 0, "quote_count": 0, "reply_count": 1, "view_count": "132"}, "ids": {"id_user": "1777762291108192256", "id_tweet": "1875903932452770249", "reply_twit": null}, "user": {"tweets_count": 17180, "followers_count": 320, "favourites_count": 16018, "listed_count": 3, "withheld_in_countries": [], "is_verified_paid_blue": false, "is_verified_unpaid": false}, "created_at": "Sun Jan 05 13:55:24 +0000 2025"}, {"text": "This ref na ogba", "engagement": {"like_count": 0, "retweet_count": 0, "quote_count": 0, "reply_count": 0, "view_count": "6"}, "ids": {"id_user": "384314869", "id_tweet": "1878480514908086346", "reply_twit": null}, "user": {"tweets_count": 35351, "followers_count": 648, "favourites_count": 11653, "listed_count": 6, "withheld_in_countries": [], "is_verified_paid_blue": false, "is_verified_unpaid": false}, "created_at": "Sun Jan 12 16:33:49 +0000 2025"}, {"text": "Krakowska maszyna do produkcji smogu! Szczotki podrywaj\u0105, a to co wci\u0105gnie wyrzuca i tak z ty\u0142u. #Krak\u00f3w #Park #smog https://t.co/73sxaJtFKP", "engagement": {"like_count": 6, "retweet_count": 0, "quote_count": 0, "reply_count": 0, "view_count": "355"}, "ids": {"id_user": "238933107", "id_tweet": "1874811165882397091", "reply_twit": null}, "user": {"tweets_count": 12203, "followers_count": 2965, "favourites_count": 9108, "listed_count": 27, "withheld_in_countries": [], "is_verified_paid_blue": false, "is_verified_unpaid": false}, "created_at": "Thu Jan 02 13:33:08 +0000 2025", "hashtags": ["Krak\u00f3w", "Park", "smog"]}, {"text": "Pi\u0119kny wypasiony podkrakowski  smog - nie tylko wida\u0107 ale wybitnie czu\u0107 gdyc co\u015b si\u0119 wbija w gard\u0142o- zawieszone py\u0142y PM2,5 PM10 i zapewne dwutlenek siarki a wszystko w promocji od narodu polskiego dla siebie samego\u2026 @JEgoZUS https://t.co/Kxc0Y3n4jw", "engagement": {"like_count": 8, "retweet_count": 2, "quote_count": 1, "reply_count": 2, "view_count": "290"}, "ids": {"id_user": "1501553174821457925", "id_tweet": "1876391252423258592", "reply_twit": null}, "user": {"tweets_count": 18083, "followers_count": 2251, "favourites_count": 30970, "listed_count": 0, "withheld_in_countries": [], "is_verified_paid_blue": false, "is_verified_unpaid": false}, "created_at": "Mon Jan 06 22:11:50 +0000 2025"}, {"text": "INDIE \nNAGRANIA S\u0141O\u0143CA NA MGLE....\nNA CA\u0141YM REGIONIE SPRAWDZI\u0141EM CZY MAJ\u0104 PO\u017bARY LAS\u00d3W  I NIE MAJ\u0104. SMOG TE\u017b  MAJ\u0104 G\u0141\u00d3WNIE W DELPHI... https://t.co/sBnP0dUEmX", "engagement": {"like_count": 0, "retweet_count": 0, "quote_count": 0, "reply_count": 0, "view_count": "305"}, "ids": {"id_user": "841548879589978112", "id_tweet": "1876031024087621921", "reply_twit": null}, "user": {"tweets_count": 8039, "followers_count": 223, "favourites_count": 9813, "listed_count": 1, "withheld_in_countries": [], "is_verified_paid_blue": false, "is_verified_unpaid": false}, "created_at": "Sun Jan 05 22:20:25 +0000 2025"}, {"text": "Poniewa\u017c oparta na zmanipulowanych danych propaganda w sprawie #smog #alarmsmogowy nie ga\u015bnie, daj\u0119 szerszy obraz.\nSytuacja w PM2.5 w tej chwili.\nPL i Europa to lajcik przy Azji. Chiny, Indie i Pakistan nie zaskakuj\u0105.\nAle ta Afryka? Taki Czad to dopiero czad.\n@Piechocinski https://t.co/7GxqA5IcgE", "engagement": {"like_count": 3, "retweet_count": 1, "quote_count": 0, "reply_count": 1, "view_count": "128"}, "ids": {"id_user": "15127632", "id_tweet": "1873818501791846752", "reply_twit": null}, "user": {"tweets_count": 14878, "followers_count": 35269, "favourites_count": 450, "listed_count": 418, "withheld_in_countries": [], "is_verified_paid_blue": false, "is_verified_unpaid": false}, "created_at": "Mon Dec 30 19:48:39 +0000 2024", "hashtags": ["smog", "alarmsmogowy"]}, {"text": "Czy jest w Twoim \u017cyciu taka osoba, do kt\u00f3rej codziennie dzwonisz?", "engagement": {"like_count": 106, "retweet_count": 3, "quote_count": 0, "reply_count": 93, "view_count": "7453"}, "ids": {"id_user": "1077620964999991297", "id_tweet": "1878392373501174123", "reply_twit": null}, "user": {"tweets_count": 26332, "followers_count": 4118, "favourites_count": 82621, "listed_count": 21, "withheld_in_countries": [], "is_verified_paid_blue": false, "is_verified_unpaid": false}, "created_at": "Sun Jan 12 10:43:35 +0000 2025"}, {"text": "Fotoodyseja: Smog warszawski https://t.co/WCDGzgRZFB", "engagement": {"like_count": 0, "retweet_count": 0, "quote_count": 0, "reply_count": 0, "view_count": "8"}, "ids": {"id_user": "1698429570", "id_tweet": "1877839508592320760", "reply_twit": null}, "user": {"tweets_count": 17184, "followers_count": 754, "favourites_count": 6960, "listed_count": 10, "withheld_in_countries": [], "is_verified_paid_blue": false, "is_verified_unpaid": false}, "created_at": "Fri Jan 10 22:06:42 +0000 2025"}, {"text": "Winne zanieczyszczeniu powietrza s\u0105 przede wszystkim  \u201ekopciuchy\u201d. By je wyeliminowa\u0107, trzeba rozwi\u0105za\u0144 systemowych. Tyle, \u017ce  brakuje do tego woli. #Smog #Opole #Opolskie\nhttps://t.co/lw2puWdZRE", "engagement": {"like_count": 1, "retweet_count": 0, "quote_count": 0, "reply_count": 0, "view_count": "38"}, "ids": {"id_user": "1572575619652657152", "id_tweet": "1876536442941571226", "reply_twit": null}, "user": {"tweets_count": 1418, "followers_count": 669, "favourites_count": 1, "listed_count": 6, "withheld_in_countries": [], "is_verified_paid_blue": false, "is_verified_unpaid": false}, "created_at": "Tue Jan 07 07:48:47 +0000 2025", "hashtags": ["Smog", "Opole", "Opolskie"]}, {"text": "- Smog? Nie wierz\u0119 w lewacki wymys\u0142y. https://t.co/bwytDssA5F", "engagement": {"like_count": 1492, "retweet_count": 60, "quote_count": 0, "reply_count": 12, "view_count": "24443"}, "ids": {"id_user": "965727397776633856", "id_tweet": "1873694450108817742", "reply_twit": null}, "user": {"tweets_count": 37702, "followers_count": 8975, "favourites_count": 101686, "listed_count": 35, "withheld_in_countries": [], "is_verified_paid_blue": false, "is_verified_unpaid": false}, "created_at": "Mon Dec 30 11:35:43 +0000 2024"}, {"text": "WO\u015aP strzela fajerwerkami. Straszy zwierz\u0119ta. Produkuj\u0105 smog. WO\u015aP z\u0142y", "engagement": {"like_count": 0, "retweet_count": 0, "quote_count": 0, "reply_count": 0, "view_count": "76"}, "ids": {"id_user": "1581185868395646977", "id_tweet": "1876925334647443927", "reply_twit": null}, "user": {"tweets_count": 14695, "followers_count": 195, "favourites_count": 36753, "listed_count": 0, "withheld_in_countries": [], "is_verified_paid_blue": false, "is_verified_unpaid": false}, "created_at": "Wed Jan 08 09:34:06 +0000 2025"}, {"text": "@n_smog Wr\u00f3ci\u0142em. Jak dychn\u0119 spokojnie napisz\u0119.\nS\u0142owenia - dramat, siwo jak fix, smog z spalania drewna okrutny, po wyje\u017adzie z CRO oczy \u0142zawi\u0105\nAustria - zno\u015bnie, by nie powiedzie\u0107, \u017ce niemal do \u017cycia mimo kompletnego braku wiatru. \nCzechy - dramat\nPolska - inna liga zatrutego powietrza https://t.co/NIGbpcxj3k", "engagement": {"like_count": 2, "retweet_count": 0, "quote_count": 0, "reply_count": 0, "view_count": "59"}, "ids": {"id_user": "1264013784", "id_tweet": "1873851136471597556", "reply_twit": "1873788400890949918"}, "user": {"tweets_count": 10573, "followers_count": 865, "favourites_count": 14871, "listed_count": 8, "withheld_in_countries": [], "is_verified_paid_blue": false, "is_verified_unpaid": false}, "created_at": "Mon Dec 30 21:58:20 +0000 2024"}, {"text": "LA znamy z Hollywood, kalifornijskich pla\u017c czy s\u0142ynnych raper\u00f3w. Jednak do tej listy coraz cz\u0119\u015bciej dodajemy truj\u0105ce powietrze i niebezpieczne po\u017cary.\n\nW 2024 roku by\u0142o ich 7,5 tysi\u0105ca. 2025 rozpocz\u0105\u0142 si\u0119 w #LosAngeles r\u00f3wnie tragicznie. https://t.co/Sil46laiUq", "engagement": {"like_count": 2, "retweet_count": 1, "quote_count": 0, "reply_count": 0, "view_count": "243"}, "ids": {"id_user": "783262054002065408", "id_tweet": "1877040363833069870", "reply_twit": null}, "user": {"tweets_count": 3822, "followers_count": 2808, "favourites_count": 653, "listed_count": 16, "withheld_in_countries": [], "is_verified_paid_blue": false, "is_verified_unpaid": false}, "created_at": "Wed Jan 08 17:11:11 +0000 2025", "hashtags": ["LosAngeles"]}, {"text": "@Ten_Psycholog Ulga.\nKsi\u0105\u017cki, j\u0119zyki, marihuana, sex z s\u0105siadk\u0105. Jest tyle innych ciekawych zaj\u0119\u0107.", "engagement": {"like_count": 49, "retweet_count": 0, "quote_count": 0, "reply_count": 1, "view_count": "1463"}, "ids": {"id_user": "1077620964999991297", "id_tweet": "1878370102564864048", "reply_twit": "1878361878654533763"}, "user": {"tweets_count": 26332, "followers_count": 4118, "favourites_count": 82621, "listed_count": 21, "withheld_in_countries": [], "is_verified_paid_blue": false, "is_verified_unpaid": false}, "created_at": "Sun Jan 12 09:15:05 +0000 2025"}, {"text": "jedyne co lubie zim\u0105 to miasta noc\u0105. Wszystkie neony daj\u0105 zajebisty blade runnerowy vibe. No i mamy smog \ud83d\udc80", "engagement": {"like_count": 0, "retweet_count": 0, "quote_count": 0, "reply_count": 0, "view_count": "27"}, "ids": {"id_user": "1875208906160713728", "id_tweet": "1875222837071601740", "reply_twit": null}, "user": {"tweets_count": 203, "followers_count": 9, "favourites_count": 181, "listed_count": 0, "withheld_in_countries": [], "is_verified_paid_blue": false, "is_verified_unpaid": false}, "created_at": "Fri Jan 03 16:48:58 +0000 2025"}, {"text": "\u201eWiesz, \u017ce ka\u017cdego dnia oddychasz powietrzem, kt\u00f3re mo\u017ce ci\u0119 powoli zatruwa\u0107? \ud83d\ude37\u201d  \n\nSmog. Nie widzimy go zawsze, ale czujemy jego skutki na w\u0142asnej sk\u00f3rze\u2026 i w p\u0142ucach. \ud83d\udca8  \nCzym tak naprawd\u0119 jest i dlaczego powinien ci\u0119 obchodzi\u0107?  \n\n\ud83d\udc49 **21 tysi\u0119cy!** Tyle os\u00f3b w Polsce", "engagement": {"like_count": 0, "retweet_count": 0, "quote_count": 0, "reply_count": 0, "view_count": "35"}, "ids": {"id_user": "1591117149308964864", "id_tweet": "1874791006505251285", "reply_twit": null}, "user": {"tweets_count": 2038, "followers_count": 271, "favourites_count": 659, "listed_count": 21, "withheld_in_countries": [], "is_verified_paid_blue": false, "is_verified_unpaid": false}, "created_at": "Thu Jan 02 12:13:02 +0000 2025", "hashtags": ["Smog", "Zdrowie", "Chro\u0144Siebie", "Ekologia", "\u015awiadomo\u015b\u0107", "Jako\u015b\u0107\u017bycia"]}, {"text": "Tam to jest smog, ciekawe czy p\u0142ac\u0105 ets'y i walcz\u0105 z co2?", "engagement": {"like_count": 0, "retweet_count": 0, "quote_count": 0, "reply_count": 0, "view_count": "8"}, "ids": {"id_user": "1497660447776022530", "id_tweet": "1876494107109146646", "reply_twit": null}, "user": {"tweets_count": 53981, "followers_count": 250, "favourites_count": 27345, "listed_count": 3, "withheld_in_countries": [], "is_verified_paid_blue": false, "is_verified_unpaid": false}, "created_at": "Tue Jan 07 05:00:33 +0000 2025"}, {"text": "Po\u015bcie\u0144 Wie\u015b\n637% PM10\n1602% PM2.5\nKu chwale ministerstwa dryfowania \ud83d\ude02\nWiki: \u201ePo\u015bcie\u0144-Wie\u015b \u2013 wie\u015b w Polsce po\u0142o\u017cona w wojew\u00f3dztwie mazowieckim, w powiecie przasnyskim, w gminie Chorzele\u201d https://t.co/ObcshJNCj7", "engagement": {"like_count": 0, "retweet_count": 0, "quote_count": 0, "reply_count": 0, "view_count": "48"}, "ids": {"id_user": "1324765102315360258", "id_tweet": "1878472534800167292", "reply_twit": null}, "user": {"tweets_count": 11227, "followers_count": 616, "favourites_count": 17100, "listed_count": 5, "withheld_in_countries": [], "is_verified_paid_blue": false, "is_verified_unpaid": false}, "created_at": "Sun Jan 12 16:02:07 +0000 2025"}, {"text": "M\u0105drego warto poslucha\u0107. Polecam ciekaw\u0105 rozmow\u0119 gdzie zdun w wieloletnim do\u015bwiadczeniem uczy jak bezdymnie rozpala\u0107 w kominku czy piecu. No i odpowiada na ciekawe pytanie sk\u0105d sie bierze smog. Acha  jest odpowied\u017a jak  postrzegana jest energia z biomasy Europie.", "engagement": {"like_count": 6, "retweet_count": 2, "quote_count": 0, "reply_count": 0, "view_count": "252"}, "ids": {"id_user": "1145759230860976129", "id_tweet": "1878090579206160868", "reply_twit": null}, "user": {"tweets_count": 1224, "followers_count": 232, "favourites_count": 913, "listed_count": 2, "withheld_in_countries": [], "is_verified_paid_blue": false, "is_verified_unpaid": false}, "created_at": "Sat Jan 11 14:44:21 +0000 2025"}, {"text": "\ud83d\udca5 GRATULACJE, LUDZKO\u015aCI! \ud83d\udcb8\nWygrywamy wy\u015bcig o to, kto najszybciej zniszczy planet\u0119! \ud83c\udf0d\ud83d\udd25\n\n\ud83c\udf33 Lasy wyci\u0119te, bo parkingi wa\u017cniejsze.\n\ud83d\udca7 Woda zatruta plastikiem \u2013 idealnie.\n\ud83d\udc94 A dzieci? Zamiast przysz\u0142o\u015bci dostan\u0105 smog i beton.\n\n\ud83d\udea8 Pieni\u0105dze mo\u017cna wydrukowa\u0107. Nowej Ziemi \u2013 nie.", "engagement": {"like_count": 0, "retweet_count": 0, "quote_count": 0, "reply_count": 0, "view_count": "6"}, "ids": {"id_user": "1749371776528785408", "id_tweet": "1877746164243603814", "reply_twit": null}, "user": {"tweets_count": 56, "followers_count": 2, "favourites_count": 2, "listed_count": 0, "withheld_in_countries": [], "is_verified_paid_blue": false, "is_verified_unpaid": false}, "created_at": "Fri Jan 10 15:55:47 +0000 2025"}, {"text": "Co\u015b mi si\u0119 zdaje, \u017ce zabobon antropogenicznych zmian klimatycznych si\u0119 wypala. Tak jak przedtem \"globalne ocieplenie\" wywo\u0142ane przez ludzi. A jeszcze wcze\u015bniej - dziura ozonowa, lodowce i wieloryby. Teraz bedzie grzany smog i zanieczyszczenie powietrza. Miejcie baczenie!", "engagement": {"like_count": 0, "retweet_count": 0, "quote_count": 0, "reply_count": 0, "view_count": "19"}, "ids": {"id_user": "1831683920133296129", "id_tweet": "1873475317052190778", "reply_twit": null}, "user": {"tweets_count": 445, "followers_count": 7, "favourites_count": 11, "listed_count": 1, "withheld_in_countries": [], "is_verified_paid_blue": false, "is_verified_unpaid": false}, "created_at": "Sun Dec 29 21:04:57 +0000 2024"}, {"text": "Dok\u0142adacie kopciuch\u00f3w\u2757\ufe0f\n.@MKiS_GOV_PL .@MRiTGOVPL\nJak mo\u017cna wybudowa\u0107 i odda\u0107 do u\u017cytku w 2025 dom i tak tru\u0107\u2049\ufe0f\nBrak edukacji, kampanii informacyjnych. Gdzie colab z architektami i nowe trendy budowania eco i oszcz\u0119dnie?\nCo Wy tam robicie?\n.@GUNB_Urzad #czystepowietrze #fikcja https://t.co/vqVQekQFyo", "engagement": {"like_count": 4, "retweet_count": 0, "quote_count": 1, "reply_count": 1, "view_count": "325"}, "ids": {"id_user": "1324765102315360258", "id_tweet": "1878019653114408968", "reply_twit": null}, "user": {"tweets_count": 11227, "followers_count": 616, "favourites_count": 17100, "listed_count": 5, "withheld_in_countries": [], "is_verified_paid_blue": false, "is_verified_unpaid": false}, "created_at": "Sat Jan 11 10:02:31 +0000 2025", "hashtags": ["czystepowietrze", "fikcja"]}, {"text": "Hello @tri_sigma_ please describe this token $SMOG \nCA:\nCsWuWcJazjAKCaaYaJmcMQFzTMFXvpbLstPuKuABpump", "engagement": {"like_count": 0, "retweet_count": 0, "quote_count": 0, "reply_count": 0, "view_count": "11"}, "ids": {"id_user": "1873731553169391617", "id_tweet": "1873736466846859668", "reply_twit": null}, "user": {"tweets_count": 95, "followers_count": 0, "favourites_count": 4, "listed_count": 0, "withheld_in_countries": [], "is_verified_paid_blue": false, "is_verified_unpaid": false}, "created_at": "Mon Dec 30 14:22:40 +0000 2024"}, {"text": "@jakubwiech Nihil novi. Post\u0119p zawsze budzi strach i op\u00f3r cz\u0119\u015bci spo\u0142ecze\u0144stwa. Niestety to  kwestia kiepskiej edukacji i braku krytycznego my\u015blenia. https://t.co/RNm1Ywawx8", "engagement": {"like_count": 9, "retweet_count": 0, "quote_count": 0, "reply_count": 0, "view_count": "263"}, "ids": {"id_user": "953229703929843712", "id_tweet": "1873794977148403747", "reply_twit": "1873698047504589055"}, "user": {"tweets_count": 7938, "followers_count": 1065, "favourites_count": 4706, "listed_count": 7, "withheld_in_countries": [], "is_verified_paid_blue": false, "is_verified_unpaid": false}, "created_at": "Mon Dec 30 18:15:10 +0000 2024"}, {"text": "@ObserwatorBW Haos urbanistyczny mamy na prowincji. Pola uprawne i nagle p\u00f3\u0142 hektara pod szeregow\u0105 zabudow\u0119. Buduje si\u0119 byle gdzie. Im dalej od s\u0105siada tym lepiej. \ud83e\udd37\u200d\u2642\ufe0f https://t.co/VBlWBgFhhP", "engagement": {"like_count": 15, "retweet_count": 0, "quote_count": 0, "reply_count": 2, "view_count": "607"}, "ids": {"id_user": "1324765102315360258", "id_tweet": "1878378857939587386", "reply_twit": "1878205410441621710"}, "user": {"tweets_count": 11227, "followers_count": 616, "favourites_count": 17100, "listed_count": 5, "withheld_in_countries": [], "is_verified_paid_blue": false, "is_verified_unpaid": false}, "created_at": "Sun Jan 12 09:49:52 +0000 2025"}, {"text": "Mocny dokument o Fast Fashion i ogromnych wysypiskach niesprzedanych ubra\u0144 wok\u00f3\u0142 kt\u00f3rych mieszkaj\u0105 ludzie pr\u00f3buj\u0105cy wygrzeba\u0107 na sprzeda\u017c co\u015b warto\u015bciowego i zarobi\u0107 troch\u0119 grosza. Reszta rzeczy jest palona. K\u0142\u0119by czarnego dymu i wp\u0142yw na p\u0142uca dzieci.\nNie, nie na PL TV.", "engagement": {"like_count": 0, "retweet_count": 0, "quote_count": 0, "reply_count": 0, "view_count": "40"}, "ids": {"id_user": "1324765102315360258", "id_tweet": "1878454473707630678", "reply_twit": null}, "user": {"tweets_count": 11227, "followers_count": 616, "favourites_count": 17100, "listed_count": 5, "withheld_in_countries": [], "is_verified_paid_blue": false, "is_verified_unpaid": false}, "created_at": "Sun Jan 12 14:50:21 +0000 2025"}, {"text": "Trwa masakrowanie Europy #smog-iem przez Belgi\u0119, Holandi\u0119, zachodnie Niemcy i Wielk\u0105 Brytani\u0119. Nawet zwykle mocno kopc\u0105ce p\u0142n. W\u0142ochy nie dor\u00f3wnuj\u0105 w truciu.\nNa mapach po kolei: zanieczyszczenia NO2, PM2.5, CO.\nDW @Piechocinski \n#smogalert https://t.co/ozeg3TfwDA", "engagement": {"like_count": 1, "retweet_count": 3, "quote_count": 1, "reply_count": 0, "view_count": "196"}, "ids": {"id_user": "15127632", "id_tweet": "1878080645856977294", "reply_twit": null}, "user": {"tweets_count": 14878, "followers_count": 35269, "favourites_count": 450, "listed_count": 418, "withheld_in_countries": [], "is_verified_paid_blue": false, "is_verified_unpaid": false}, "created_at": "Sat Jan 11 14:04:53 +0000 2025", "hashtags": ["smog", "smogalert"]}, {"text": "Smog dobry #Polska\nOtwieraj\u0105c salon kosmetyczny musicie si\u0119 https://t.co/CPlIuHA67Y. pok\u0142oni\u0107 Sanepidowi. Gdy otwieracie warsztat wystarczy Wam stara buda i koza na drewno i \u015bmieci. Nikt tego nie sprawdza. W kraju o takim powietrzu .@MKiS_GOV_PL nie wpad\u0142o na pomys\u0142 kontroli #syf https://t.co/lYelQahT4j", "engagement": {"like_count": 4, "retweet_count": 0, "quote_count": 0, "reply_count": 0, "view_count": "80"}, "ids": {"id_user": "1324765102315360258", "id_tweet": "1877764710730252786", "reply_twit": null}, "user": {"tweets_count": 11227, "followers_count": 616, "favourites_count": 17100, "listed_count": 5, "withheld_in_countries": [], "is_verified_paid_blue": false, "is_verified_unpaid": false}, "created_at": "Fri Jan 10 17:09:28 +0000 2025", "hashtags": ["Polska", "syf"]}, {"text": "\"...nasz inteligentny smog zatrzymuje si\u0119 na granicy z Czechami.\"", "engagement": {"like_count": 0, "retweet_count": 0, "quote_count": 0, "reply_count": 5, "view_count": "22"}, "ids": {"id_user": "1655850204698927104", "id_tweet": "1874091408405242229", "reply_twit": null}, "user": {"tweets_count": 20832, "followers_count": 214, "favourites_count": 2759, "listed_count": 4, "withheld_in_countries": [], "is_verified_paid_blue": false, "is_verified_unpaid": false}, "created_at": "Tue Dec 31 13:53:05 +0000 2024"}, {"text": "Co wejd\u0119 na fejsbuka to mi si\u0119 jakie\u015b g\u00f3wno wy\u015bwietla \u017ce mam nie strzela\u0107, nie je\u015b\u0107 mi\u0119sa, nie pi\u0107 mleka kurwa to co mi wolno oddycha\u0107? a nie bo smog to te\u017c nie mog\u0119...", "engagement": {"like_count": 3, "retweet_count": 0, "quote_count": 0, "reply_count": 0, "view_count": "221"}, "ids": {"id_user": "1610057532", "id_tweet": "1873744281246261266", "reply_twit": null}, "user": {"tweets_count": 115567, "followers_count": 1399, "favourites_count": 46803, "listed_count": 9, "withheld_in_countries": [], "is_verified_paid_blue": false, "is_verified_unpaid": false}, "created_at": "Mon Dec 30 14:53:43 +0000 2024"}, {"text": "@souljazyczu oczywiscie nie dostal i nigdy nie dostanie za to cancela, bo tak fajnie spiewal o tym ze warszawa jest smutna i ze jest smog i wogole...", "engagement": {"like_count": 556, "retweet_count": 1, "quote_count": 0, "reply_count": 5, "view_count": "18479"}, "ids": {"id_user": "1520469977232560130", "id_tweet": "1878117642222846304", "reply_twit": "1878115873967263816"}, "user": {"tweets_count": 12743, "followers_count": 392, "favourites_count": 42342, "listed_count": 2, "withheld_in_countries": [], "is_verified_paid_blue": false, "is_verified_unpaid": false}, "created_at": "Sat Jan 11 16:31:54 +0000 2025"}, {"text": "W ko\u0144cu silny wiatr przyszed\u0142 do Katowic - przynajmniej smog rozwieje.", "engagement": {"like_count": 1, "retweet_count": 0, "quote_count": 0, "reply_count": 0, "view_count": "90"}, "ids": {"id_user": "220940479", "id_tweet": "1874570419988296115", "reply_twit": null}, "user": {"tweets_count": 6376, "followers_count": 148, "favourites_count": 17588, "listed_count": 2, "withheld_in_countries": [], "is_verified_paid_blue": false, "is_verified_unpaid": false}, "created_at": "Wed Jan 01 21:36:30 +0000 2025"}, {"text": "W rankingu smogowym wybranych 126 miast, Wroc\u0142aw jest ju\u017c nie na 4, a na 102 pozycji. Wi\u0119kszy smog jest w Kopenhadze czy Dublinie. Poza tym we W\u0142oszech, Francji, na Ba\u0142kanach, w Irl.  Alarmy smogowe tej informacji, z jakiego\u015b powodu, Pa\u0144stwu nie podadz\u0105. \nhttps://t.co/UwWPWvQQvl https://t.co/sZCs17y7qg", "engagement": {"like_count": 190, "retweet_count": 70, "quote_count": 8, "reply_count": 8, "view_count": "16015"}, "ids": {"id_user": "1607874884419346434", "id_tweet": "1875346997349413073", "reply_twit": null}, "user": {"tweets_count": 14900, "followers_count": 531, "favourites_count": 9653, "listed_count": 5, "withheld_in_countries": [], "is_verified_paid_blue": false, "is_verified_unpaid": false}, "created_at": "Sat Jan 04 01:02:21 +0000 2025"}, {"text": "Zdecydowanie tak, ledwo -3C i ju\u017c trzeba pali\u0107 najci\u0119\u017cszym kalibrem \u015bmieci.", "engagement": {"like_count": 0, "retweet_count": 0, "quote_count": 0, "reply_count": 0, "view_count": "9"}, "ids": {"id_user": "1853544806779092992", "id_tweet": "1876003478184816666", "reply_twit": null}, "user": {"tweets_count": 25, "followers_count": 1, "favourites_count": 2, "listed_count": 0, "withheld_in_countries": [], "is_verified_paid_blue": false, "is_verified_unpaid": false}, "created_at": "Sun Jan 05 20:30:58 +0000 2025"}, {"text": "@jakubwiech Trzeba wprowadzi\u0107 nowe op\u0142aty, ETS3, 4,5,6,7,8,9,\nWtedy z\u0142y smok Smog si\u0119 wystraszy i ucieknie.\nTak\u0105 mam koncepcj\u0119.", "engagement": {"like_count": 12, "retweet_count": 0, "quote_count": 0, "reply_count": 0, "view_count": "205"}, "ids": {"id_user": "3273689387", "id_tweet": "1873757326613876768", "reply_twit": "1873698047504589055"}, "user": {"tweets_count": 41309, "followers_count": 1520, "favourites_count": 31574, "listed_count": 6, "withheld_in_countries": [], "is_verified_paid_blue": false, "is_verified_unpaid": false}, "created_at": "Mon Dec 30 15:45:34 +0000 2024"}, {"text": "#smog - brak jednego, obiektywnego \u017ar\u00f3d\u0142a dla ca\u0142ej UE\nPowietrze mamy \u201eg\u0119ste\u201d , to czu\u0107, ale na Airly zawsze jeste\u015bmy liderem - tyczasem na accuweather dzi\u015b zupe\u0142nie inaczej\n\n@airlyorg vs @accuweather https://t.co/ff8bEE6mxG", "engagement": {"like_count": 0, "retweet_count": 0, "quote_count": 0, "reply_count": 0, "view_count": "89"}, "ids": {"id_user": "2218402956", "id_tweet": "1874525008401440892", "reply_twit": null}, "user": {"tweets_count": 2983, "followers_count": 302, "favourites_count": 1903, "listed_count": 6, "withheld_in_countries": [], "is_verified_paid_blue": false, "is_verified_unpaid": false}, "created_at": "Wed Jan 01 18:36:03 +0000 2025", "hashtags": ["smog"]}, {"text": "Nowy Rok. Warszawa. \nDla pasa\u017cer\u00f3w transportu publicznego\ud83d\ude87\ud83d\ude83\ud83d\ude8c,  o wiele mniej kurs\u00f3w, wi\u0119kszy t\u0142ok  i obowi\u0105zek skasowania biletu. \nDla kierowc\u00f3w \ud83d\ude97\ud83d\ude97\ud83d\ude97\ud83d\ude97\ud83d\ude97, darmowe parkowanie, r\u00f3wnie\u017c dla tych spoza miasta. \nA potem zdziwienie, \u017ce korki i smog \ud83e\udd37\u200d\u2640\ufe0f https://t.co/94TaP5hH9H", "engagement": {"like_count": 138, "retweet_count": 4, "quote_count": 0, "reply_count": 14, "view_count": "4210"}, "ids": {"id_user": "818393002645327872", "id_tweet": "1874483413358707074", "reply_twit": null}, "user": {"tweets_count": 4816, "followers_count": 3051, "favourites_count": 11127, "listed_count": 25, "withheld_in_countries": [], "is_verified_paid_blue": false, "is_verified_unpaid": false}, "created_at": "Wed Jan 01 15:50:46 +0000 2025"}, {"text": "Wystarczy kr\u00f3tki atak smogu, aby do naszych p\u0142uc trafi\u0142a smoli\u015bcie czarna mieszanka. \n\nTak wygl\u0105da instalacja, kt\u00f3ra wyjecha\u0142a w\u0142a\u015bnie ze stolicy Dolnego \u015al\u0105ska.\n\nhttps://t.co/lIlPNvJL93", "engagement": {"like_count": 7, "retweet_count": 1, "quote_count": 0, "reply_count": 0, "view_count": "130"}, "ids": {"id_user": "783262054002065408", "id_tweet": "1877654097525928329", "reply_twit": null}, "user": {"tweets_count": 3822, "followers_count": 2808, "favourites_count": 653, "listed_count": 16, "withheld_in_countries": [], "is_verified_paid_blue": false, "is_verified_unpaid": false}, "created_at": "Fri Jan 10 09:49:56 +0000 2025"}, {"text": "Czego uczy nas Zakopia\u0144skie ignorowanie przez inwestora nakaz\u00f3w PINB? \nNawet je\u017celi kiedy\u015b b\u0119dziemy mieli organ zwalczaj\u0105cy kopciuchy, b\u0119dzie tysi\u0105ce przypadk\u00f3w ignorowania jego zalece\u0144. Obecnie nie mamy \u017cadnej kontroli w terenie. Dryfujemy w toksynach.\nhttps://t.co/TqOZ5R1kkZ", "engagement": {"like_count": 1, "retweet_count": 0, "quote_count": 0, "reply_count": 0, "view_count": "53"}, "ids": {"id_user": "1324765102315360258", "id_tweet": "1877783728572805314", "reply_twit": null}, "user": {"tweets_count": 11227, "followers_count": 616, "favourites_count": 17100, "listed_count": 5, "withheld_in_countries": [], "is_verified_paid_blue": false, "is_verified_unpaid": false}, "created_at": "Fri Jan 10 18:25:03 +0000 2025"}, {"text": "A nosili kaga\u0144ce i si\u0119 szczepili? A wspieraj\u0105 banderland, bo ruskie bomby? A nie wychodz\u0105 z domu, bo smog?\ud83d\ude0f\nNo w\u0142a\u015bnie \ud83d\ude0e", "engagement": {"like_count": 5, "retweet_count": 2, "quote_count": 0, "reply_count": 0, "view_count": "120"}, "ids": {"id_user": "1395782141959675904", "id_tweet": "1874588594784158097", "reply_twit": null}, "user": {"tweets_count": 16342, "followers_count": 1198, "favourites_count": 22604, "listed_count": 3, "withheld_in_countries": [], "is_verified_paid_blue": false, "is_verified_unpaid": false}, "created_at": "Wed Jan 01 22:48:43 +0000 2025"}, {"text": "Fog czy smog? \ud83d\ude46\ud83c\udffc\u200d\u2640\ufe0f", "engagement": {"like_count": 0, "retweet_count": 0, "quote_count": 0, "reply_count": 0, "view_count": "53"}, "ids": {"id_user": "2770393767", "id_tweet": "1877418979171426754", "reply_twit": null}, "user": {"tweets_count": 2456, "followers_count": 262, "favourites_count": 7192, "listed_count": 1, "withheld_in_countries": [], "is_verified_paid_blue": false, "is_verified_unpaid": false}, "created_at": "Thu Jan 09 18:15:40 +0000 2025", "place": {"place_name": "Lesznowola", "full_name": "Lesznowola, Polska", "country": "Polska", "country_code": "PL", "place_type": "city", "bounding_box": {"coordinates": [[[20.8097522, 52.021577], [20.8097522, 52.1206772], [21.03484, 52.1206772], [21.03484, 52.021577], [20.8097522, 52.021577]]], "type": "Polygon"}, "centroid": null}}, {"text": "@ZespolBrauna \u201cMg\u0142y \u015bmierci\u201d istniej\u0105 ale smog to ju\u017c lewacki spisek \ud83e\udd21", "engagement": {"like_count": 68, "retweet_count": 0, "quote_count": 0, "reply_count": 3, "view_count": "765"}, "ids": {"id_user": "1737522105229438976", "id_tweet": "1875578502306754820", "reply_twit": "1875578145673507048"}, "user": {"tweets_count": 1415, "followers_count": 94, "favourites_count": 9457, "listed_count": 0, "withheld_in_countries": [], "is_verified_paid_blue": false, "is_verified_unpaid": false}, "created_at": "Sat Jan 04 16:22:16 +0000 2025"}, {"text": "smog i jako\u015b\u0107 powietrza jest du\u017co wa\u017cniejsza ni\u017c si\u0119 wszystkim wydaje\n\n1) z rocznika demograficznego gus 2024: g\u0142\u00f3wna przyczyna zgon\u00f3w to choroby uk\u0142adu kr\u0105\u017cenia\n\nlink: https://t.co/mYkP9Y4LbT https://t.co/67V8y1yg07", "engagement": {"like_count": 2, "retweet_count": 0, "quote_count": 0, "reply_count": 1, "view_count": "40"}, "ids": {"id_user": "1332374650660270099", "id_tweet": "1873742173616926913", "reply_twit": null}, "user": {"tweets_count": 149, "followers_count": 39, "favourites_count": 2786, "listed_count": 0, "withheld_in_countries": [], "is_verified_paid_blue": false, "is_verified_unpaid": false}, "created_at": "Mon Dec 30 14:45:21 +0000 2024"}, {"text": "@Juna2626 @K_Wiaderny \u015bwie\u017ce zimowe powietrze? bo je\u015bli nie mieszkasz w bieszczadach albo na pojezierzu to wpuszczasz smog a nie powietrze", "engagement": {"like_count": 94, "retweet_count": 0, "quote_count": 0, "reply_count": 0, "view_count": "1357"}, "ids": {"id_user": "1059373355458088960", "id_tweet": "1875173834103611525", "reply_twit": "1875120552110960814"}, "user": {"tweets_count": 1624, "followers_count": 27, "favourites_count": 12849, "listed_count": 1, "withheld_in_countries": [], "is_verified_paid_blue": false, "is_verified_unpaid": false}, "created_at": "Fri Jan 03 13:34:15 +0000 2025"}, {"text": "GIO\u015a \u0141\u00f3d\u017a 271 ug/m3 602% PM10 \n#czystepowietrze #zeroedukacji #brakstrategii #farsa #dykta https://t.co/gQy7fNmVQD", "engagement": {"like_count": 0, "retweet_count": 0, "quote_count": 0, "reply_count": 0, "view_count": "43"}, "ids": {"id_user": "1324765102315360258", "id_tweet": "1877690918502822091", "reply_twit": null}, "user": {"tweets_count": 11227, "followers_count": 616, "favourites_count": 17100, "listed_count": 5, "withheld_in_countries": [], "is_verified_paid_blue": false, "is_verified_unpaid": false}, "created_at": "Fri Jan 10 12:16:15 +0000 2025", "hashtags": ["czystepowietrze", "zeroedukacji", "brakstrategii", "farsa", "dykta"]}, {"text": "@thefutballboy_1 Rodrygo", "engagement": {"like_count": 0, "retweet_count": 0, "quote_count": 0, "reply_count": 0, "view_count": "154"}, "ids": {"id_user": "1481816506476511237", "id_tweet": "1874219111481565387", "reply_twit": "1874173705611599891"}, "user": {"tweets_count": 971, "followers_count": 11, "favourites_count": 451, "listed_count": 0, "withheld_in_countries": [], "is_verified_paid_blue": false, "is_verified_unpaid": false}, "created_at": "Tue Dec 31 22:20:32 +0000 2024"}, {"text": "Myszk\u00f3w zastanawia si\u0119 dlaczego paroma milionami kopciuch\u00f3w zajmuje si\u0119 par\u0119dziesi\u0105t os\u00f3b siedz\u0105cych za biurkami. \n1381% PM2.5\n693% PM10\n#niekompetencja #brakstrategii #czystepowietrze https://t.co/yP1pNKm0wi", "engagement": {"like_count": 2, "retweet_count": 0, "quote_count": 0, "reply_count": 0, "view_count": "62"}, "ids": {"id_user": "1324765102315360258", "id_tweet": "1877726264842137823", "reply_twit": null}, "user": {"tweets_count": 11227, "followers_count": 616, "favourites_count": 17100, "listed_count": 5, "withheld_in_countries": [], "is_verified_paid_blue": false, "is_verified_unpaid": false}, "created_at": "Fri Jan 10 14:36:42 +0000 2025", "hashtags": ["niekompetencja", "brakstrategii", "czystepowietrze"]}, {"text": "Najgro\u017aniejsze powietrze w Europie? Hmm... no nie w Polsce. \n#smog \nhttps://t.co/Wk3NpbkqK9 https://t.co/0OaP7JhMzC", "engagement": {"like_count": 0, "retweet_count": 0, "quote_count": 1, "reply_count": 0, "view_count": "27"}, "ids": {"id_user": "2987166305", "id_tweet": "1873663445809426543", "reply_twit": null}, "user": {"tweets_count": 11083, "followers_count": 390, "favourites_count": 30548, "listed_count": 3, "withheld_in_countries": [], "is_verified_paid_blue": false, "is_verified_unpaid": false}, "created_at": "Mon Dec 30 09:32:31 +0000 2024", "hashtags": ["smog"]}, {"text": "@KosovainPoland @DSGashiRKS @ALlapashtica Mo 'stunning'. Ky o tym e smog bac.", "engagement": {"like_count": 3, "retweet_count": 0, "quote_count": 0, "reply_count": 0, "view_count": "210"}, "ids": {"id_user": "14797853", "id_tweet": "1875113682197495882", "reply_twit": "1875112050189606985"}, "user": {"tweets_count": 3990, "followers_count": 1031, "favourites_count": 191, "listed_count": 8, "withheld_in_countries": [], "is_verified_paid_blue": false, "is_verified_unpaid": false}, "created_at": "Fri Jan 03 09:35:14 +0000 2025"}, {"text": "Po\u017cary, smog i susza. Nowa, tragiczna ods\u0142ona Los Angeles https://t.co/rRHVYliNAr", "engagement": {"like_count": 0, "retweet_count": 1, "quote_count": 0, "reply_count": 0, "view_count": "1735"}, "ids": {"id_user": "134398560", "id_tweet": "1877060952098496578", "reply_twit": null}, "user": {"tweets_count": 197412, "followers_count": 430359, "favourites_count": 54346, "listed_count": 767, "withheld_in_countries": [], "is_verified_paid_blue": false, "is_verified_unpaid": false}, "created_at": "Wed Jan 08 18:32:59 +0000 2025"}, {"text": "Truj\u0105ce powietrze zabija \ud83d\udc47", "engagement": {"like_count": 3, "retweet_count": 0, "quote_count": 0, "reply_count": 0, "view_count": "212"}, "ids": {"id_user": "783262054002065408", "id_tweet": "1873823405029679510", "reply_twit": null}, "user": {"tweets_count": 3822, "followers_count": 2808, "favourites_count": 653, "listed_count": 16, "withheld_in_countries": [], "is_verified_paid_blue": false, "is_verified_unpaid": false}, "created_at": "Mon Dec 30 20:08:08 +0000 2024"}, {"text": "Ale pami\u0119tajcie, mili Pa\u0144stwo: smog i zanieczyszczenia powietrza to spisek producent\u00f3w czujnik\u00f3w wymierzony w Polsk\u0119.", "engagement": {"like_count": 1327, "retweet_count": 62, "quote_count": 5, "reply_count": 188, "view_count": "97302"}, "ids": {"id_user": "1682783586", "id_tweet": "1877840264565321871", "reply_twit": null}, "user": {"tweets_count": 47776, "followers_count": 128451, "favourites_count": 56263, "listed_count": 502, "withheld_in_countries": [], "is_verified_paid_blue": false, "is_verified_unpaid": false}, "created_at": "Fri Jan 10 22:09:42 +0000 2025"}, {"text": "Pozna\u0144 rusza z now\u0105 edycj\u0105 programu Kawka Bis\nhttps://t.co/V7vu2FB7gT\n\n#ecopoznan #pozna\u0144 #kawkabis #smog #zanieczyszczenia #dotacja", "engagement": {"like_count": 0, "retweet_count": 1, "quote_count": 0, "reply_count": 0, "view_count": "117"}, "ids": {"id_user": "1383792121744793610", "id_tweet": "1874785120848425399", "reply_twit": null}, "user": {"tweets_count": 1154, "followers_count": 253, "favourites_count": 26, "listed_count": 4, "withheld_in_countries": [], "is_verified_paid_blue": false, "is_verified_unpaid": false}, "created_at": "Thu Jan 02 11:49:39 +0000 2025", "hashtags": ["ecopoznan", "pozna\u0144", "kawkabis", "smog", "zanieczyszczenia", "dotacja"]}, {"text": "kurwa ma\u0107 w srakowie jest taki smog \u017ce drapie w gardle xD", "engagement": {"like_count": 32, "retweet_count": 0, "quote_count": 0, "reply_count": 7, "view_count": "900"}, "ids": {"id_user": "1456231060510027776", "id_tweet": "1873850894271602774", "reply_twit": null}, "user": {"tweets_count": 15663, "followers_count": 1117, "favourites_count": 51589, "listed_count": 15, "withheld_in_countries": [], "is_verified_paid_blue": false, "is_verified_unpaid": false}, "created_at": "Mon Dec 30 21:57:22 +0000 2024"}, {"text": "@lkwarzecha Nast\u0105pi takie nat\u0119\u017cenie absurdu ,\u017ce nikt tego nie b\u0119dzie w stanie egzekwowa\u0107 i nadejdzie to , co zawsze w przypadku wprowadzania z\u0142ego prawa-ludzie zaczn\u0105 to olewa\u0107 i nast\u0105pi chaos. I dopiero wtedy przekonamy si\u0119 co to znaczy smog, kiedy z biedy zaczniemy pali\u0107 \u015bmieci w kot\u0142ach", "engagement": {"like_count": 169, "retweet_count": 4, "quote_count": 0, "reply_count": 7, "view_count": "9771"}, "ids": {"id_user": "1745432727640240128", "id_tweet": "1874589788671750348", "reply_twit": "1874583596843118644"}, "user": {"tweets_count": 15015, "followers_count": 387, "favourites_count": 21592, "listed_count": 8, "withheld_in_countries": [], "is_verified_paid_blue": false, "is_verified_unpaid": false}, "created_at": "Wed Jan 01 22:53:28 +0000 2025"}, {"text": "Je\u015bli kto\u015b dostanie 15 tys. z\u0142 mandatu za palenie \u2013 przepraszam za s\u0142owo \u2013 syfem, to inni we wsi wcze\u015bniej zjedz\u0105 plastikow\u0105 butelk\u0119, ni\u017c wrzuc\u0105 j\u0105 do pieca - pisze Bogus\u0142aw Mrukot. #smog #alarmsmogowy #kara #ekologia\nhttps://t.co/ncy7oILm2z", "engagement": {"like_count": 1, "retweet_count": 0, "quote_count": 0, "reply_count": 0, "view_count": "54"}, "ids": {"id_user": "1572575619652657152", "id_tweet": "1876725109173408121", "reply_twit": null}, "user": {"tweets_count": 1418, "followers_count": 669, "favourites_count": 1, "listed_count": 6, "withheld_in_countries": [], "is_verified_paid_blue": false, "is_verified_unpaid": false}, "created_at": "Tue Jan 07 20:18:28 +0000 2025", "hashtags": ["smog", "alarmsmogowy", "kara", "ekologia"]}, {"text": "\ud83d\ude8f\ud83c\uddf5\ud83c\uddf1  Czym oddycha GZM. G\u00f3rno\u015bl\u0105sko-Zag\u0142\u0119biowska Metropolia? Odpowie na to 700 czujnik\u00f3w w s\u0142upkach przystankowych. https://t.co/GGE1hOjdhM #przystanek #transportgzm #smog https://t.co/jUq13tQIj1", "engagement": {"like_count": 0, "retweet_count": 0, "quote_count": 0, "reply_count": 0, "view_count": "29"}, "ids": {"id_user": "3662226975", "id_tweet": "1877758074229842214", "reply_twit": null}, "user": {"tweets_count": 47335, "followers_count": 944, "favourites_count": 66, "listed_count": 13, "withheld_in_countries": [], "is_verified_paid_blue": false, "is_verified_unpaid": false}, "created_at": "Fri Jan 10 16:43:06 +0000 2025", "hashtags": ["przystanek", "transportgzm", "smog"]}, {"text": "W nowy rok \ud83d\udc49 w g\u0119stszy smog. https://t.co/RcoLKJBCPC", "engagement": {"like_count": 0, "retweet_count": 0, "quote_count": 0, "reply_count": 0, "view_count": "37"}, "ids": {"id_user": "1020754566562893824", "id_tweet": "1874056163370950692", "reply_twit": null}, "user": {"tweets_count": 173908, "followers_count": 4737, "favourites_count": 68933, "listed_count": 17, "withheld_in_countries": [], "is_verified_paid_blue": false, "is_verified_unpaid": false}, "created_at": "Tue Dec 31 11:33:02 +0000 2024"}, {"text": "Na zdrowie #dryfujemy #zerodzialan #czystepowietrze", "engagement": {"like_count": 1, "retweet_count": 0, "quote_count": 0, "reply_count": 0, "view_count": "63"}, "ids": {"id_user": "1324765102315360258", "id_tweet": "1877717063050862913", "reply_twit": null}, "user": {"tweets_count": 11227, "followers_count": 616, "favourites_count": 17100, "listed_count": 5, "withheld_in_countries": [], "is_verified_paid_blue": false, "is_verified_unpaid": false}, "created_at": "Fri Jan 10 14:00:08 +0000 2025", "hashtags": ["dryfujemy", "zerodzialan", "czystepowietrze"]}, {"text": "@JarekPapis Jest Tusk, jest bieda i smog.", "engagement": {"like_count": 8, "retweet_count": 1, "quote_count": 0, "reply_count": 0, "view_count": "155"}, "ids": {"id_user": "861818628118913025", "id_tweet": "1875085411942625414", "reply_twit": "1875081241009279208"}, "user": {"tweets_count": 56468, "followers_count": 1227, "favourites_count": 270205, "listed_count": 21, "withheld_in_countries": [], "is_verified_paid_blue": false, "is_verified_unpaid": false}, "created_at": "Fri Jan 03 07:42:54 +0000 2025"}, {"text": "Pi\u0119ciolatek pod Toruniem ma astm\u0119, bo tam szaleje SMOG! Ciekawe, czy sprzedajni biegli znajd\u0105 tam py\u0142y, czy dowiod\u0105, \u017ce astm\u0119 powoduj\u0105 tlenki azotu. Zapewne to drugie.\nhttps://t.co/Iw9hGJB4Qy", "engagement": {"like_count": 10, "retweet_count": 2, "quote_count": 0, "reply_count": 2, "view_count": "308"}, "ids": {"id_user": "115994052", "id_tweet": "1874101060681556090", "reply_twit": null}, "user": {"tweets_count": 39570, "followers_count": 6634, "favourites_count": 417, "listed_count": 33, "withheld_in_countries": [], "is_verified_paid_blue": false, "is_verified_unpaid": false}, "created_at": "Tue Dec 31 14:31:26 +0000 2024"}, {"text": "Czyli krakowski smog wyd\u0142u\u017ca \u017cycie m\u0119\u017cczyzn.", "engagement": {"like_count": 0, "retweet_count": 0, "quote_count": 0, "reply_count": 0, "view_count": "89"}, "ids": {"id_user": "2613359276", "id_tweet": "1878108025795289303", "reply_twit": null}, "user": {"tweets_count": 181396, "followers_count": 1019, "favourites_count": 133823, "listed_count": 18, "withheld_in_countries": [], "is_verified_paid_blue": false, "is_verified_unpaid": false}, "created_at": "Sat Jan 11 15:53:41 +0000 2025"}, {"text": "Jeszcze ten smog nas dopad\u0142, jakby ma\u0142o by\u0142o problem\u00f3w. https://t.co/wDprxbRyMG", "engagement": {"like_count": 3, "retweet_count": 0, "quote_count": 0, "reply_count": 1, "view_count": "111"}, "ids": {"id_user": "563782419", "id_tweet": "1873477665023574181", "reply_twit": null}, "user": {"tweets_count": 12574, "followers_count": 185, "favourites_count": 47641, "listed_count": 0, "withheld_in_countries": [], "is_verified_paid_blue": false, "is_verified_unpaid": false}, "created_at": "Sun Dec 29 21:14:17 +0000 2024"}, {"text": "@SekatorStein No, wi\u0119c najwi\u0119ksz\u0105 atrakcj\u0105 tegorocznego sylwestra w ramach strzelania b\u0119dzie wystrzelenie naczelnego kap\u0142ana klimatyzmu pod samu\u0107kie niebiosa, by rozgoni\u0142 nam smog, jaki nagromadzi\u0142 si\u0119 w 2024 roku. \ud83e\udd79 https://t.co/A09PeEVPdA", "engagement": {"like_count": 2, "retweet_count": 1, "quote_count": 0, "reply_count": 0, "view_count": "137"}, "ids": {"id_user": "1500176131605123076", "id_tweet": "1874174235931009084", "reply_twit": "1874163790549574019"}, "user": {"tweets_count": 23854, "followers_count": 289, "favourites_count": 75943, "listed_count": 8, "withheld_in_countries": [], "is_verified_paid_blue": false, "is_verified_unpaid": false}, "created_at": "Tue Dec 31 19:22:12 +0000 2024"}, {"text": "Mieszanka blok\u00f3w i domk\u00f3w, kt\u00f3rym nikt nie \u015bmia\u0142 nigdy zakaza\u0107 dymienia w okna s\u0105siad\u00f3w. Wiki: \u201eKolonia Wysockiego (potocznie Korea) \u2013 cz\u0119\u015b\u0107 Katowic, po\u0142o\u017cona pomi\u0119dzy Nikiszowcem a Giszowcem na obszarze dzielnicy Jan\u00f3w-Nikiszowiec\u201d\nCzujnik ustawiony blisko A4 przeszkadza \ud83e\udd21\ud83d\ude02 https://t.co/DsSJ1yakYD", "engagement": {"like_count": 1, "retweet_count": 1, "quote_count": 0, "reply_count": 0, "view_count": "95"}, "ids": {"id_user": "1324765102315360258", "id_tweet": "1877689826901692873", "reply_twit": null}, "user": {"tweets_count": 11227, "followers_count": 616, "favourites_count": 17100, "listed_count": 5, "withheld_in_countries": [], "is_verified_paid_blue": false, "is_verified_unpaid": false}, "created_at": "Fri Jan 10 12:11:55 +0000 2025"}, {"text": "Nie wierz\u0119 w smog i kwa\u015bne deszcze, kt\u00f3re spada\u0142y w Londynie. Ludzie xD \nNiech takie debile wypierdalaja za don.", "engagement": {"like_count": 4, "retweet_count": 0, "quote_count": 0, "reply_count": 0, "view_count": "149"}, "ids": {"id_user": "1531169629883797505", "id_tweet": "1873701624411197624", "reply_twit": null}, "user": {"tweets_count": 13397, "followers_count": 536, "favourites_count": 31668, "listed_count": 18, "withheld_in_countries": [], "is_verified_paid_blue": false, "is_verified_unpaid": false}, "created_at": "Mon Dec 30 12:04:13 +0000 2024"}, {"text": "#SMOG #Alert #Jako\u015b\u0107Powietrza \nBie\u017c\u0105ce dane pomiarowe:\nhttps://t.co/MXS0Dk6F8d", "engagement": {"like_count": 1, "retweet_count": 0, "quote_count": 0, "reply_count": 0, "view_count": "23"}, "ids": {"id_user": "1153913401099374592", "id_tweet": "1876596740213858345", "reply_twit": null}, "user": {"tweets_count": 600, "followers_count": 164, "favourites_count": 269, "listed_count": 2, "withheld_in_countries": [], "is_verified_paid_blue": false, "is_verified_unpaid": false}, "created_at": "Tue Jan 07 11:48:23 +0000 2025", "hashtags": ["SMOG", "Alert", "Jako\u015b\u0107Powietrza"]}, {"text": "Mimo \u017ce w ostatnich latach emitujemy mniej wi\u0119cej tyle samo CO2, to w 2023 i w 2024 roku st\u0119\u017cenie dwutlenku w\u0119gla w atmosferze wzros\u0142o znacznie bardziej, ni\u017c w poprzednich latach.\n\nJak to mo\u017cliwe? Sprawdzamy w tek\u015bcie \ud83d\udc47 https://t.co/1Sb7JsucEK", "engagement": {"like_count": 4, "retweet_count": 1, "quote_count": 0, "reply_count": 0, "view_count": "119"}, "ids": {"id_user": "783262054002065408", "id_tweet": "1876914446783651987", "reply_twit": null}, "user": {"tweets_count": 3822, "followers_count": 2808, "favourites_count": 653, "listed_count": 16, "withheld_in_countries": [], "is_verified_paid_blue": false, "is_verified_unpaid": false}, "created_at": "Wed Jan 08 08:50:50 +0000 2025"}, {"text": "O KURWA WYCHYLILEM LEB PRZEZ OKNO, WZIALEM JEDEN WDECH I JUZ SIE ZACZALEM DUSIC PRZEZ TEN SMOG XDDDDDDDDDDDDDDDDDDDDDDDDDDDD", "engagement": {"like_count": 7, "retweet_count": 0, "quote_count": 0, "reply_count": 3, "view_count": "194"}, "ids": {"id_user": "1460343347382468614", "id_tweet": "1875694801921962273", "reply_twit": null}, "user": {"tweets_count": 3734, "followers_count": 247, "favourites_count": 36218, "listed_count": 2, "withheld_in_countries": [], "is_verified_paid_blue": false, "is_verified_unpaid": false}, "created_at": "Sun Jan 05 00:04:24 +0000 2025"}, {"text": "Nikt nie zadaje pyta\u0144. DW928. Tyle czasu remont a ta nowa nawierzchnia \u015brednia, posklejana, gdzieniegdzie wibracje na kierownicy. Serio tak ci\u0119\u017cko wypracowa\u0107 lepsz\u0105 jako\u015b\u0107? #zerokontroli", "engagement": {"like_count": 0, "retweet_count": 0, "quote_count": 0, "reply_count": 0, "view_count": "41"}, "ids": {"id_user": "1324765102315360258", "id_tweet": "1878054158357381513", "reply_twit": null}, "user": {"tweets_count": 11227, "followers_count": 616, "favourites_count": 17100, "listed_count": 5, "withheld_in_countries": [], "is_verified_paid_blue": false, "is_verified_unpaid": false}, "created_at": "Sat Jan 11 12:19:38 +0000 2025", "hashtags": ["zerokontroli"]}, {"text": "To taki sam filtr nowy i jeszcze nie do ko\u0144ca zu\u017cyty. Jak nie ma du\u017cego smogu przy zamkni\u0119tych oknach jest ok 1 na wy\u015bwietlaczu, teraz ok 50-70, a to warto\u015b\u0107 kiedy na kilka sekund otwar\u0142am drzwi na taras. Zam\u00f3wi\u0142am drugi filtr bo ten jeden cho\u0107 du\u017cy nie daje rady.\n#smog https://t.co/qEnAmPfn9o", "engagement": {"like_count": 7, "retweet_count": 0, "quote_count": 0, "reply_count": 1, "view_count": "329"}, "ids": {"id_user": "825235795971866624", "id_tweet": "1874397214375920034", "reply_twit": null}, "user": {"tweets_count": 104233, "followers_count": 7280, "favourites_count": 168727, "listed_count": 10, "withheld_in_countries": [], "is_verified_paid_blue": false, "is_verified_unpaid": false}, "created_at": "Wed Jan 01 10:08:15 +0000 2025", "hashtags": ["smog"]}, {"text": "@gulczynskim G\u00f3rny \u015al\u0105sk dzi\u0119ki palaczom i kultowi spalania wszystkiego, to jakie\u015b eksperymentalne zbiorowe, nie\u015bwiadome samob\u00f3jstwo, rozci\u0105gni\u0119te w latach. Oczywi\u015bcie ka\u017cdy powie \u017ce zawsze si\u0119 pali\u0142o i ludzie d\u0142ugo \u017cyli.", "engagement": {"like_count": 0, "retweet_count": 0, "quote_count": 0, "reply_count": 0, "view_count": "13"}, "ids": {"id_user": "1324765102315360258", "id_tweet": "1878390606071844959", "reply_twit": "1878079204387848424"}, "user": {"tweets_count": 11227, "followers_count": 616, "favourites_count": 17100, "listed_count": 5, "withheld_in_countries": [], "is_verified_paid_blue": false, "is_verified_unpaid": false}, "created_at": "Sun Jan 12 10:36:33 +0000 2025"}, {"text": "@n_smog @RadioZET_NEWS Moda panie.", "engagement": {"like_count": 0, "retweet_count": 0, "quote_count": 0, "reply_count": 0, "view_count": "31"}, "ids": {"id_user": "136740985", "id_tweet": "1873661145820893421", "reply_twit": "1873072010382999779"}, "user": {"tweets_count": 13093, "followers_count": 814, "favourites_count": 23532, "listed_count": 13, "withheld_in_countries": [], "is_verified_paid_blue": false, "is_verified_unpaid": false}, "created_at": "Mon Dec 30 09:23:22 +0000 2024"}, {"text": "Jak to jest, \u017ce cz\u0142owiek \u015bwiadomie rezygnuje z palenia papieros\u00f3w, aby ograniczy\u0107 negatywy wp\u0142yw na uk\u0142ad oddechowy, a w mie\u015bcie jest taki smog, \u017ce zdrowiej by by\u0142o ju\u017c siedzie\u0107 w domu i pali\u0107 te papierosy \ud83d\ude35\u200d\ud83d\udcab", "engagement": {"like_count": 10, "retweet_count": 0, "quote_count": 0, "reply_count": 0, "view_count": "286"}, "ids": {"id_user": "1192024013431885825", "id_tweet": "1873703611638944203", "reply_twit": null}, "user": {"tweets_count": 28993, "followers_count": 1095, "favourites_count": 73261, "listed_count": 11, "withheld_in_countries": [], "is_verified_paid_blue": false, "is_verified_unpaid": false}, "created_at": "Mon Dec 30 12:12:07 +0000 2024"}, {"text": "Ta pogoda, ten smog to jakie\u015b nieporozumienie. Nawet po kilku godzinach czuj\u0119 to g\u00f3wno w nosie XD\n\nNo ale 5km (z lekkim przymru\u017ceniem oka) zrobione z tempem lepszym ni\u017c si\u0119 spodziewa\u0142em, chocia\u017c by\u0142o ci\u0119\u017cko \ud83d\ude05 https://t.co/dvOliD32vM", "engagement": {"like_count": 3, "retweet_count": 0, "quote_count": 0, "reply_count": 1, "view_count": "212"}, "ids": {"id_user": "1676520247732346881", "id_tweet": "1873743361888358537", "reply_twit": null}, "user": {"tweets_count": 7030, "followers_count": 221, "favourites_count": 10640, "listed_count": 3, "withheld_in_countries": [], "is_verified_paid_blue": false, "is_verified_unpaid": false}, "created_at": "Mon Dec 30 14:50:04 +0000 2024"}, {"text": "Jakby kto\u015b was pyta\u0142 o smog w Polsce:", "engagement": {"like_count": 10, "retweet_count": 1, "quote_count": 0, "reply_count": 0, "view_count": "535"}, "ids": {"id_user": "1055839557311234048", "id_tweet": "1874601606278422855", "reply_twit": null}, "user": {"tweets_count": 83064, "followers_count": 2710, "favourites_count": 302019, "listed_count": 18, "withheld_in_countries": [], "is_verified_paid_blue": false, "is_verified_unpaid": false}, "created_at": "Wed Jan 01 23:40:26 +0000 2025"}, {"text": "B\u00f3g spogl\u0105da na Jasn\u0105 G\u00f3r\u0119 i rzuca mi\u0119sem.\n\nCo\u015b na ziemi posz\u0142o nie tak.\n\nAle co si\u0119 Dziwisz jak masz J\u0119draszewskich, Rydzyk\u00f3w i innych G\u0142\u00f3dzi.", "engagement": {"like_count": 11, "retweet_count": 0, "quote_count": 0, "reply_count": 1, "view_count": "213"}, "ids": {"id_user": "1077620964999991297", "id_tweet": "1878389025716769108", "reply_twit": null}, "user": {"tweets_count": 26332, "followers_count": 4118, "favourites_count": 82621, "listed_count": 21, "withheld_in_countries": [], "is_verified_paid_blue": false, "is_verified_unpaid": false}, "created_at": "Sun Jan 12 10:30:17 +0000 2025"}, {"text": "Dopiero co w masce kretyn biega\u0142 bo mu smog przeszkadza\u0142, teraz zoofilia zgrywa", "engagement": {"like_count": 5, "retweet_count": 0, "quote_count": 0, "reply_count": 2, "view_count": "246"}, "ids": {"id_user": "1752254834747613184", "id_tweet": "1874189171793011015", "reply_twit": null}, "user": {"tweets_count": 18551, "followers_count": 1934, "favourites_count": 74878, "listed_count": 12, "withheld_in_countries": [], "is_verified_paid_blue": false, "is_verified_unpaid": false}, "created_at": "Tue Dec 31 20:21:33 +0000 2024"}, {"text": "@rzep8 Chodzi raczej o robienie z Polski jakiej\u015b czarnej plamy. Przyk\u0142adowo w Norylsku czujnik umieszczaj\u0105 w \u015brodku lasu, a we Wroc\u0142awiu w miejscu, gdzie jest najwi\u0119kszy smog. U nas nie jest przecie\u017c gorzej ni\u017c w niemczech, albo w Czechach, a oni s\u0105 prawie cali \"zieloni\"", "engagement": {"like_count": 87, "retweet_count": 1, "quote_count": 0, "reply_count": 10, "view_count": "7480"}, "ids": {"id_user": "409836831", "id_tweet": "1873671874779242735", "reply_twit": "1873653868946473358"}, "user": {"tweets_count": 2731, "followers_count": 65, "favourites_count": 21704, "listed_count": 5, "withheld_in_countries": [], "is_verified_paid_blue": false, "is_verified_unpaid": false}, "created_at": "Mon Dec 30 10:06:00 +0000 2024"}, {"text": "@2sec__smog_ Hahaha \ud83d\ude02\ud83d\ude02\ud83d\ude02\ud83d\ude02\ud83d\ude02\ud83d\ude02\ud83d\ude02 \nOsakpolo idiot \ud83e\udd23\ud83e\udd23\ud83d\ude02\ud83e\udd23\ud83d\ude02\ud83d\ude02\ud83e\udd23 Wiz you do this one?", "engagement": {"like_count": 1, "retweet_count": 0, "quote_count": 0, "reply_count": 1, "view_count": "146"}, "ids": {"id_user": "1172818573242306560", "id_tweet": "1873723224195997765", "reply_twit": "1873722933111349663"}, "user": {"tweets_count": 33557, "followers_count": 1558, "favourites_count": 14935, "listed_count": 0, "withheld_in_countries": [], "is_verified_paid_blue": false, "is_verified_unpaid": false}, "created_at": "Mon Dec 30 13:30:03 +0000 2024"}, {"text": "@BMalarczyk Dobrego Wieczoru  Basiu.   Mg\u0142a   kt\u00f3ra musimy polubi\u0107  , koszmar . Samira    we mgle \ud83d\ude0a. Jarocin    to bardziej smog.     Domki bli\u017aniaki ,  wi\u0119kszo\u015b\u0107 mamy gaz , no niestety    mniejszo\u015b\u0107 pali w\u0119glem  \u2639\ufe0f   .", "engagement": {"like_count": 1, "retweet_count": 0, "quote_count": 0, "reply_count": 0, "view_count": "18"}, "ids": {"id_user": "1046079889512824832", "id_tweet": "1873491953016619518", "reply_twit": "1872914510446809318"}, "user": {"tweets_count": 7628, "followers_count": 630, "favourites_count": 26892, "listed_count": 5, "withheld_in_countries": [], "is_verified_paid_blue": false, "is_verified_unpaid": false}, "created_at": "Sun Dec 29 22:11:04 +0000 2024"}, {"text": "Aktywno\u015b\u0107 fizyczna w domu to \u015bwietna alternatywa dla wysi\u0142ku fizycznego na \u015bwie\u017cym powietrzu, kiedy pojawia si\u0119 smog\u261d\ufe0f", "engagement": {"like_count": 3, "retweet_count": 0, "quote_count": 0, "reply_count": 0, "view_count": "65"}, "ids": {"id_user": "1384909403489439745", "id_tweet": "1875164508018405493", "reply_twit": null}, "user": {"tweets_count": 2533, "followers_count": 643, "favourites_count": 950, "listed_count": 3, "withheld_in_countries": [], "is_verified_paid_blue": false, "is_verified_unpaid": false}, "created_at": "Fri Jan 03 12:57:12 +0000 2025"}, {"text": "GIO\u015a Koszalin \nSpad\u0142o z 2063% do 1230% PM10\nDane z 10:00 ju\u017c wykasowane, 553 ug/m3 z 13:00 jeszcze s\u0105.\n#AirPollution #AirQuality https://t.co/mk7qxNmN3z", "engagement": {"like_count": 0, "retweet_count": 0, "quote_count": 1, "reply_count": 0, "view_count": "96"}, "ids": {"id_user": "1324765102315360258", "id_tweet": "1878446442320121933", "reply_twit": null}, "user": {"tweets_count": 11227, "followers_count": 616, "favourites_count": 17100, "listed_count": 5, "withheld_in_countries": [], "is_verified_paid_blue": false, "is_verified_unpaid": false}, "created_at": "Sun Jan 12 14:18:26 +0000 2025", "hashtags": ["AirPollution", "AirQuality"]}, {"text": "Tusk w ci\u0105gu roku zbudowa\u0142 takie bariery, \u017ce nawet smog nie przejdzie.", "engagement": {"like_count": 1, "retweet_count": 0, "quote_count": 0, "reply_count": 0, "view_count": "18"}, "ids": {"id_user": "1282404907572748289", "id_tweet": "1873673515066618329", "reply_twit": null}, "user": {"tweets_count": 48554, "followers_count": 1629, "favourites_count": 37946, "listed_count": 27, "withheld_in_countries": [], "is_verified_paid_blue": false, "is_verified_unpaid": false}, "created_at": "Mon Dec 30 10:12:31 +0000 2024"}, {"text": "Koniec tej historii jest smutny, ale samo to, jak polscy in\u017cynierowie i co najmniej niekt\u00f3rzy politycy my\u015bleli o budowaniu eksportowego przemys\u0142u w czasach, kt\u00f3re by\u0142y trudniejsze od obecnych, imponuje. @TomaszBorejza https://t.co/fI6LfOilqC", "engagement": {"like_count": 2, "retweet_count": 1, "quote_count": 0, "reply_count": 1, "view_count": "307"}, "ids": {"id_user": "783262054002065408", "id_tweet": "1875473072737939560", "reply_twit": null}, "user": {"tweets_count": 3822, "followers_count": 2808, "favourites_count": 653, "listed_count": 16, "withheld_in_countries": [], "is_verified_paid_blue": false, "is_verified_unpaid": false}, "created_at": "Sat Jan 04 09:23:19 +0000 2025"}, {"text": "@rzeczni_MKiS @MKiS_GOV_PL @hennigkloska Powodzenia!", "engagement": {"like_count": 0, "retweet_count": 0, "quote_count": 0, "reply_count": 0, "view_count": "98"}, "ids": {"id_user": "953229703929843712", "id_tweet": "1877414221228503503", "reply_twit": "1877343138445955178"}, "user": {"tweets_count": 7938, "followers_count": 1065, "favourites_count": 4706, "listed_count": 7, "withheld_in_countries": [], "is_verified_paid_blue": false, "is_verified_unpaid": false}, "created_at": "Thu Jan 09 17:56:45 +0000 2025"}, {"text": "W ostatnich dniach smog da\u0142 si\u0119 we znaki mieszka\u0144com Ma\u0142opolski. Wiceprzewodnicz\u0105ca partii Razem Aleksandra Owca chce wiedzie\u0107, co dalej z programem \u201eCzyste Powietrze\u201d?\n\nhttps://t.co/al1aKHcFps", "engagement": {"like_count": 9, "retweet_count": 0, "quote_count": 0, "reply_count": 10, "view_count": "1681"}, "ids": {"id_user": "601756862", "id_tweet": "1873698223149453398", "reply_twit": null}, "user": {"tweets_count": 41734, "followers_count": 21119, "favourites_count": 1907, "listed_count": 124, "withheld_in_countries": [], "is_verified_paid_blue": false, "is_verified_unpaid": false}, "created_at": "Mon Dec 30 11:50:42 +0000 2024"}, {"text": "Nowy rok 2025\nNowa \u015bciema\nSMOG'25?", "engagement": {"like_count": 0, "retweet_count": 0, "quote_count": 0, "reply_count": 1, "view_count": "41"}, "ids": {"id_user": "1112711334083346432", "id_tweet": "1874368014814204086", "reply_twit": null}, "user": {"tweets_count": 41443, "followers_count": 1355, "favourites_count": 423362, "listed_count": 24, "withheld_in_countries": [], "is_verified_paid_blue": false, "is_verified_unpaid": false}, "created_at": "Wed Jan 01 08:12:13 +0000 2025"}, {"text": "@Maciej93052345 Przecie\u017c smog nie jest przez samochody tylko przez spalanie \u015bmieci w piecach temat dawno wyja\u015bniony i udowodniony.", "engagement": {"like_count": 34, "retweet_count": 1, "quote_count": 0, "reply_count": 2, "view_count": "1658"}, "ids": {"id_user": "1672573408595308544", "id_tweet": "1877814017642713556", "reply_twit": "1877813479760855395"}, "user": {"tweets_count": 26375, "followers_count": 4563, "favourites_count": 75350, "listed_count": 4, "withheld_in_countries": [], "is_verified_paid_blue": false, "is_verified_unpaid": false}, "created_at": "Fri Jan 10 20:25:24 +0000 2025"}, {"text": "Po wczorajszych \u201eemocjach\u201d na drogach dobrze jest nie musie\u0107 nigdzie jecha\u0107. Wystarczy d\u017awi\u0119k idiot\u00f3w szalej\u0105cych w \u015brodku nocy i teraz: gaz, r\u0119czny, po\u015blizg. \u201eQwa drifterzy\u201d", "engagement": {"like_count": 0, "retweet_count": 0, "quote_count": 0, "reply_count": 0, "view_count": "34"}, "ids": {"id_user": "1324765102315360258", "id_tweet": "1878401398242488786", "reply_twit": null}, "user": {"tweets_count": 11227, "followers_count": 616, "favourites_count": 17100, "listed_count": 5, "withheld_in_countries": [], "is_verified_paid_blue": false, "is_verified_unpaid": false}, "created_at": "Sun Jan 12 11:19:27 +0000 2025"}, {"text": "@ProstyR @Hala72940939 @AdrianMiluk Prosz\u0119 by\u0107 o mnie spokojnym, by\u0142em i jestem bezpieczny przez ca\u0142y czas . Dzi\u0119kuj\u0119 za pami\u0119\u0107\nZdj\u0119cia robione wczoraj dla mojej mamy jako dow\u00f3d \u017ce praktycznie jestem na wczasach \ud83e\udd2d-dow\u00f3d \u017ce smog te\u017c raz jest,raz go nie ma https://t.co/otDAVOOaEU", "engagement": {"like_count": 3, "retweet_count": 0, "quote_count": 0, "reply_count": 1, "view_count": "26"}, "ids": {"id_user": "1314080390529851392", "id_tweet": "1878154053059842450", "reply_twit": "1878142737574216000"}, "user": {"tweets_count": 103620, "followers_count": 2325, "favourites_count": 165466, "listed_count": 6, "withheld_in_countries": [], "is_verified_paid_blue": false, "is_verified_unpaid": false}, "created_at": "Sat Jan 11 18:56:35 +0000 2025"}, {"text": "@Bart_Wieczorek \u201eNo m\u00f3wi\u0119 Ci mordeczko, tutaj ca\u0142y czas korki, smog i wsz\u0119dzie daleko. Jed\u017a do Lubina, podpisz z Zag\u0142\u0119biem, tam odpoczniesz.\u201d https://t.co/CmZidE0QlT", "engagement": {"like_count": 33, "retweet_count": 0, "quote_count": 0, "reply_count": 2, "view_count": "2703"}, "ids": {"id_user": "3004377647", "id_tweet": "1877701096056963358", "reply_twit": "1877697334332514526"}, "user": {"tweets_count": 7624, "followers_count": 5987, "favourites_count": 34313, "listed_count": 14, "withheld_in_countries": [], "is_verified_paid_blue": false, "is_verified_unpaid": false}, "created_at": "Fri Jan 10 12:56:41 +0000 2025"}, {"text": "Rz\u0105dowe Centrum Bezpiecze\u0144stwa wyda\u0142o w niedziel\u0119 alert dotycz\u0105cy smogu dla powiat\u00f3w na po\u0142udniu i zachodzie kraju. \u201ePrognozowana jest z\u0142a jako\u015b\u0107 powietrza, zrezygnuj z aktywno\u015bci na zewn\u0105trz\u201d - napisano w komunikacie.\n\n#papmediaroom #powietrze #smog #zanieczyszczenie https://t.co/vln6JVHAvk", "engagement": {"like_count": 0, "retweet_count": 0, "quote_count": 0, "reply_count": 0, "view_count": "162"}, "ids": {"id_user": "2388876864", "id_tweet": "1873650086321987753", "reply_twit": null}, "user": {"tweets_count": 13642, "followers_count": 16174, "favourites_count": 546, "listed_count": 130, "withheld_in_countries": [], "is_verified_paid_blue": false, "is_verified_unpaid": false}, "created_at": "Mon Dec 30 08:39:25 +0000 2024", "hashtags": ["papmediaroom", "powietrze", "smog", "zanieczyszczenie"]}, {"text": "@SergiuszSergioB Nie smok, tylko smog - takie zanieczyszczenie powietrza. Czujniki to wykry\u0142y.", "engagement": {"like_count": 8, "retweet_count": 0, "quote_count": 0, "reply_count": 3, "view_count": "163"}, "ids": {"id_user": "1652678123496824832", "id_tweet": "1874106355549954247", "reply_twit": "1874101989405245671"}, "user": {"tweets_count": 21174, "followers_count": 20053, "favourites_count": 18530, "listed_count": 85, "withheld_in_countries": [], "is_verified_paid_blue": false, "is_verified_unpaid": false}, "created_at": "Tue Dec 31 14:52:29 +0000 2024"}, {"text": "Zima wr\u00f3ci pod koniec tygodnia... :)\nPlus dodatni, mniejszy smog, wieje wiatr.\n#Beskidy https://t.co/8cLdR0ar5c", "engagement": {"like_count": 3, "retweet_count": 0, "quote_count": 0, "reply_count": 0, "view_count": "66"}, "ids": {"id_user": "855144175041474561", "id_tweet": "1876162331971117108", "reply_twit": null}, "user": {"tweets_count": 128328, "followers_count": 5888, "favourites_count": 277994, "listed_count": 4, "withheld_in_countries": [], "is_verified_paid_blue": false, "is_verified_unpaid": false}, "created_at": "Mon Jan 06 07:02:12 +0000 2025", "hashtags": ["Beskidy"]}, {"text": "Dzi\u015b Rafa\u0142 pojecha\u0142 odwiedzi\u0107 swojego wuja, niestety towarzyszy\u0142 mu ten straszny smog, z kt\u00f3rym SCT jeszcze sobie nie poradzi\u0142a \ud83e\udd79", "engagement": {"like_count": 0, "retweet_count": 0, "quote_count": 0, "reply_count": 0, "view_count": "105"}, "ids": {"id_user": "1752254834747613184", "id_tweet": "1876198949683687515", "reply_twit": null}, "user": {"tweets_count": 18551, "followers_count": 1934, "favourites_count": 74878, "listed_count": 12, "withheld_in_countries": [], "is_verified_paid_blue": false, "is_verified_unpaid": false}, "created_at": "Mon Jan 06 09:27:42 +0000 2025"}, {"text": "Smog, smog i po smogu. A z roku na rok jest go coraz mniej\n\nDo 2030 r. mamy wyda\u0107 prawi\u0119 800 mld z\u0142 na cele klimatyczne dla por\u00f3wnania bud\u017cet NFZ to ok. 250 mld z\u0142\n\nJe\u015bli umrzecie na raka to przez zapa\u015b\u0107 w s\u0142u\u017cb\u0119 zdrowia, a nie przez babci\u0119 pal\u0105c\u0105 w piecu w\u0119glem. https://t.co/3pqoUPwDBY", "engagement": {"like_count": 19, "retweet_count": 5, "quote_count": 0, "reply_count": 1, "view_count": "415"}, "ids": {"id_user": "1647708515748790272", "id_tweet": "1875127039390527945", "reply_twit": null}, "user": {"tweets_count": 8765, "followers_count": 2663, "favourites_count": 18879, "listed_count": 13, "withheld_in_countries": [], "is_verified_paid_blue": false, "is_verified_unpaid": false}, "created_at": "Fri Jan 03 10:28:19 +0000 2025"}, {"text": "Dzisiaj o zachodzie s\u0142o\u0144ca. Pi\u0119knie, ale jak popatrzycie na horyzont, nisko, wida\u0107 zalegaj\u0105cy smog... https://t.co/TyREzKCvd0", "engagement": {"like_count": 8, "retweet_count": 0, "quote_count": 0, "reply_count": 0, "view_count": "62"}, "ids": {"id_user": "1541878468639686656", "id_tweet": "1873835738242179490", "reply_twit": null}, "user": {"tweets_count": 19766, "followers_count": 959, "favourites_count": 31635, "listed_count": 1, "withheld_in_countries": [], "is_verified_paid_blue": false, "is_verified_unpaid": false}, "created_at": "Mon Dec 30 20:57:08 +0000 2024"}, {"text": "@BartlomiejMolc1 @bderski Przecie\u017c smog to spisek, widzia\u0142em, na Iksie m\u00f3wili", "engagement": {"like_count": 202, "retweet_count": 0, "quote_count": 0, "reply_count": 4, "view_count": "3278"}, "ids": {"id_user": "1682783586", "id_tweet": "1877716688675762455", "reply_twit": "1877711905789243794"}, "user": {"tweets_count": 47776, "followers_count": 128451, "favourites_count": 56263, "listed_count": 502, "withheld_in_countries": [], "is_verified_paid_blue": false, "is_verified_unpaid": false}, "created_at": "Fri Jan 10 13:58:39 +0000 2025"}, {"text": "Beskid, sypie \u015bnieg, \u015blisko. Wszyscy jad\u0105 35-45km/h na dozwolone 50km/h. \nZ ty\u0142u d\u0142ugimi \u015bwiat\u0142ami wal\u0105 jak stroboskopami limo i SUVy. \nNadprodukcja hormonu przyczepno\u015bci powoduje g\u0142upot\u0119 i zagro\u017cenie! #brd", "engagement": {"like_count": 0, "retweet_count": 0, "quote_count": 0, "reply_count": 0, "view_count": "44"}, "ids": {"id_user": "1324765102315360258", "id_tweet": "1878115198612955610", "reply_twit": null}, "user": {"tweets_count": 11227, "followers_count": 616, "favourites_count": 17100, "listed_count": 5, "withheld_in_countries": [], "is_verified_paid_blue": false, "is_verified_unpaid": false}, "created_at": "Sat Jan 11 16:22:11 +0000 2025", "hashtags": ["brd"]}, {"text": "@sheemawn Absurdalne, \u017ce w ojczy\u017anie przemys\u0142u motoryzacyjnego da si\u0119 wprowadzi\u0107 takie zmiany, a w Polsce si\u0119 nie da. Sami si\u0119 skazujemy na korki i smog.", "engagement": {"like_count": 142, "retweet_count": 1, "quote_count": 0, "reply_count": 12, "view_count": "5763"}, "ids": {"id_user": "1966517456", "id_tweet": "1876955250675855711", "reply_twit": "1876888331029791025"}, "user": {"tweets_count": 41568, "followers_count": 37725, "favourites_count": 94643, "listed_count": 202, "withheld_in_countries": [], "is_verified_paid_blue": false, "is_verified_unpaid": false}, "created_at": "Wed Jan 08 11:32:58 +0000 2025"}, {"text": "Ryzykowne i g\u0142upie zachowanie kierowcy BMW ale i tak nie str\u0105ci\u0142 z dzisiejszego podium kierowcy: r\u00f3wnie\u017c BMW ale X3. Kt\u00f3ry prowadz\u0105c jad\u0142 pizz\u0105 trzymaj\u0105c j\u0105 obur\u0105cz.\nTrafi na patrol? \ud83d\ude02 pr\u0119dzej na yeti!", "engagement": {"like_count": 0, "retweet_count": 0, "quote_count": 0, "reply_count": 0, "view_count": "89"}, "ids": {"id_user": "1324765102315360258", "id_tweet": "1878136602439954438", "reply_twit": null}, "user": {"tweets_count": 11227, "followers_count": 616, "favourites_count": 17100, "listed_count": 5, "withheld_in_countries": [], "is_verified_paid_blue": false, "is_verified_unpaid": false}, "created_at": "Sat Jan 11 17:47:14 +0000 2025"}, {"text": "@Jarosla82322617 @ObserwatorBW Jak to si\u0119 ma do mieszkania w \u015brodkowym segmencie domku szeregowego w \u015brodku pola \ud83d\ude02", "engagement": {"like_count": 5, "retweet_count": 0, "quote_count": 0, "reply_count": 1, "view_count": "51"}, "ids": {"id_user": "1324765102315360258", "id_tweet": "1878424770343051669", "reply_twit": "1878405772314386911"}, "user": {"tweets_count": 11227, "followers_count": 616, "favourites_count": 17100, "listed_count": 5, "withheld_in_countries": [], "is_verified_paid_blue": false, "is_verified_unpaid": false}, "created_at": "Sun Jan 12 12:52:19 +0000 2025"}, {"text": "Te\u017c uwa\u017cam, \u017ce powinni si\u0119 chwali\u0107, ale zdaje si\u0119, \u017ce cz\u0119\u015b\u0107 ich twittero-sympatyk\u00f3w nie wierzy w smog, nie lubi czujnik\u00f3w zanieczyszcze\u0144, a poza tym na z\u0142o\u015b\u0107 \"eko-\u015bwirom\" chce wdycha\u0107 dowolny syf i zachwala\u0107 go.", "engagement": {"like_count": 36, "retweet_count": 0, "quote_count": 0, "reply_count": 2, "view_count": "1619"}, "ids": {"id_user": "106081452", "id_tweet": "1875300589082697941", "reply_twit": null}, "user": {"tweets_count": 21409, "followers_count": 11850, "favourites_count": 35153, "listed_count": 56, "withheld_in_countries": [], "is_verified_paid_blue": false, "is_verified_unpaid": false}, "created_at": "Fri Jan 03 21:57:56 +0000 2025"}, {"text": "@Pawel_Lachman Mamy kryzys jakiejkolwiek formy edukacji. B\u0119dzie ministerialne czekanie na ko\u0144c\u00f3wk\u0119 marca 2025 i powr\u00f3t programu #czystepowietrze nie wykorzystuj\u0105c tego czasu na \u017cadne kampanie.", "engagement": {"like_count": 4, "retweet_count": 1, "quote_count": 0, "reply_count": 1, "view_count": "194"}, "ids": {"id_user": "1324765102315360258", "id_tweet": "1878532323085324379", "reply_twit": "1878527604548149757"}, "user": {"tweets_count": 11227, "followers_count": 616, "favourites_count": 17100, "listed_count": 5, "withheld_in_countries": [], "is_verified_paid_blue": false, "is_verified_unpaid": false}, "created_at": "Sun Jan 12 19:59:41 +0000 2025", "hashtags": ["czystepowietrze"]}, {"text": "@n_smog @MeteoprognozaPL O, moje wzg\u00f3rze jest ca\u0142e we smogu...", "engagement": {"like_count": 2, "retweet_count": 0, "quote_count": 0, "reply_count": 1, "view_count": "66"}, "ids": {"id_user": "3028446988", "id_tweet": "1874089604368007169", "reply_twit": "1874085050670866592"}, "user": {"tweets_count": 25253, "followers_count": 3041, "favourites_count": 29487, "listed_count": 29, "withheld_in_countries": [], "is_verified_paid_blue": false, "is_verified_unpaid": false}, "created_at": "Tue Dec 31 13:45:55 +0000 2024"}, {"text": "Ten sam proces obserwuj\u0119 przez lata w  moim Bergen. \u017be wzgledu na swoje specyficzne po\u0142o\u017cenie (otoczenie g\u00f3rami i morzem tu zawsze zimna by\u0142 smog. Smog kt\u00f3ry bra\u0142 si\u0119 w\u0142a\u015bnie ruchu miejskiego gdy\u017c tu nikt nie pali i nie pali\u0142 w\u0119glem. By\u0142y nawet jakie\u015b tam pomys\u0142y by w ewne dni", "engagement": {"like_count": 8, "retweet_count": 0, "quote_count": 0, "reply_count": 2, "view_count": "612"}, "ids": {"id_user": "40084441", "id_tweet": "1877323704360649037", "reply_twit": null}, "user": {"tweets_count": 218111, "followers_count": 5572, "favourites_count": 177933, "listed_count": 69, "withheld_in_countries": [], "is_verified_paid_blue": false, "is_verified_unpaid": false}, "created_at": "Thu Jan 09 11:57:04 +0000 2025"}, {"text": "Po\u017cary, powodzie, upa\u0142y, smog czy topnienie lodowc\u00f3w s\u0105 zbyt s\u0142abym argumentem dla prawicowego betonu.\n\nPrzekona ich dopiero brak wody na jakim\u015b terenie, gdzie mieszkaj\u0105 setki milion\u00f3w ludzi.\n\nA mo\u017ce i to nie...\n\ud83e\udd14", "engagement": {"like_count": 0, "retweet_count": 0, "quote_count": 0, "reply_count": 0, "view_count": "25"}, "ids": {"id_user": "796622995439624192", "id_tweet": "1878122073987465459", "reply_twit": null}, "user": {"tweets_count": 69656, "followers_count": 556, "favourites_count": 67491, "listed_count": 9, "withheld_in_countries": [], "is_verified_paid_blue": false, "is_verified_unpaid": false}, "created_at": "Sat Jan 11 16:49:30 +0000 2025"}, {"text": "@Pawel_Lachman Dla kogo\u015b kto na chwil\u0119 ma kontakt z programami pewnie ci\u0119\u017cko si\u0119 tam odnale\u017a\u0107 nawet w Q&amp;A. UT dla drugiego progu to nadal korzystna oferta. Jednak w CP zrozumia\u0142y jest pr\u00f3g dochodowy 135k. Program CP jest skierowany do os\u00f3b o niskich i \u015brednich dochodach.", "engagement": {"like_count": 0, "retweet_count": 0, "quote_count": 0, "reply_count": 0, "view_count": "26"}, "ids": {"id_user": "1324765102315360258", "id_tweet": "1878571155864363473", "reply_twit": "1878535076247384148"}, "user": {"tweets_count": 11227, "followers_count": 616, "favourites_count": 17100, "listed_count": 5, "withheld_in_countries": [], "is_verified_paid_blue": false, "is_verified_unpaid": false}, "created_at": "Sun Jan 12 22:34:00 +0000 2025"}, {"text": "Wpadasz do znajomego na chwil\u0119 a tam w przedsionku 26C tropiki \ud83e\udd75\nZarz\u0105dzanie temperatur\u0105 w kostkach z PRLu przypomina powr\u00f3t Apollo 13.", "engagement": {"like_count": 1, "retweet_count": 0, "quote_count": 0, "reply_count": 0, "view_count": "42"}, "ids": {"id_user": "1324765102315360258", "id_tweet": "1878373787164414158", "reply_twit": null}, "user": {"tweets_count": 11227, "followers_count": 616, "favourites_count": 17100, "listed_count": 5, "withheld_in_countries": [], "is_verified_paid_blue": false, "is_verified_unpaid": false}, "created_at": "Sun Jan 12 09:29:44 +0000 2025"}, {"text": "Kolejny \u201erajdowiec\u201d upala gruza po \u015bliskich drogach. Tak ju\u017c od p\u00f3\u0142 godziny. To prowincja! tutaj patrol przyjedzie NIGDY.", "engagement": {"like_count": 0, "retweet_count": 0, "quote_count": 0, "reply_count": 0, "view_count": "42"}, "ids": {"id_user": "1324765102315360258", "id_tweet": "1878481343836828010", "reply_twit": null}, "user": {"tweets_count": 11227, "followers_count": 616, "favourites_count": 17100, "listed_count": 5, "withheld_in_countries": [], "is_verified_paid_blue": false, "is_verified_unpaid": false}, "created_at": "Sun Jan 12 16:37:07 +0000 2025"}, {"text": "Stary artyku\u0142 a taki prawdziwy o zjawisku smog w mie\u015bcie o kt\u00f3rym tak daaawno si\u0119 nie m\u00f3wi bo przecie\u017c bra\u0107 developerska nie pozwala.\n\nhttps://t.co/rqhZYDojBH", "engagement": {"like_count": 19, "retweet_count": 5, "quote_count": 0, "reply_count": 5, "view_count": "1208"}, "ids": {"id_user": "1436993351807537152", "id_tweet": "1874033661319991690", "reply_twit": null}, "user": {"tweets_count": 85819, "followers_count": 6649, "favourites_count": 97266, "listed_count": 87, "withheld_in_countries": [], "is_verified_paid_blue": false, "is_verified_unpaid": false}, "created_at": "Tue Dec 31 10:03:37 +0000 2024"}, {"text": "Tymczasem w Mrze\u017cynie nie weso\u0142o.", "engagement": {"like_count": 2, "retweet_count": 0, "quote_count": 0, "reply_count": 0, "view_count": "53"}, "ids": {"id_user": "1324765102315360258", "id_tweet": "1878405417891402119", "reply_twit": null}, "user": {"tweets_count": 11227, "followers_count": 616, "favourites_count": 17100, "listed_count": 5, "withheld_in_countries": [], "is_verified_paid_blue": false, "is_verified_unpaid": false}, "created_at": "Sun Jan 12 11:35:25 +0000 2025"}, {"text": "@maciejkaczka Opony \u015bcierasz a to generuje smog.\nWajrak tak ostatnio m\u00f3wi\u0142 w Polsacie. \ud83e\udd2d", "engagement": {"like_count": 2, "retweet_count": 0, "quote_count": 0, "reply_count": 1, "view_count": "13"}, "ids": {"id_user": "1054715415253958656", "id_tweet": "1874503480305680494", "reply_twit": "1874502021644263824"}, "user": {"tweets_count": 26165, "followers_count": 25951, "favourites_count": 40524, "listed_count": 46, "withheld_in_countries": [], "is_verified_paid_blue": false, "is_verified_unpaid": false}, "created_at": "Wed Jan 01 17:10:30 +0000 2025"}, {"text": "Oslo, Lyon, Ateny, Madryt, Berno, Londyn, Lizbona, Pary\u017c, Barcelona, Rotterdam, Bruksela, Praga - wsz\u0119dzie tam jest gorsze powietrze ni\u017c w jakimkolwiek polskim mie\u015bcie. \n#Propaganda #smog", "engagement": {"like_count": 6, "retweet_count": 1, "quote_count": 0, "reply_count": 0, "view_count": "126"}, "ids": {"id_user": "1419063044", "id_tweet": "1875508476576985447", "reply_twit": null}, "user": {"tweets_count": 142145, "followers_count": 1776, "favourites_count": 108876, "listed_count": 25, "withheld_in_countries": [], "is_verified_paid_blue": false, "is_verified_unpaid": false}, "created_at": "Sat Jan 04 11:44:00 +0000 2025", "hashtags": ["Propaganda", "smog"]}, {"text": "@alex_s_technics @Wojtek64968985 Ten czad/ smog/ chodzi po sinusoidzie, gdy jedziesz to co jaki\u015b czas jest normalne powietrze i nawet s\u0142o\u0144ce ju\u017c wida\u0107.\nTen smr\u00f3d to nie jest jedna chmura nad ca\u0142ym miastem, tylko taki wij\u0105cy si\u0119 w\u0105\u017c czadowo - dymowy .", "engagement": {"like_count": 3, "retweet_count": 0, "quote_count": 0, "reply_count": 1, "view_count": "27"}, "ids": {"id_user": "1314080390529851392", "id_tweet": "1877394058034675712", "reply_twit": "1877390045536989672"}, "user": {"tweets_count": 103620, "followers_count": 2325, "favourites_count": 165466, "listed_count": 6, "withheld_in_countries": [], "is_verified_paid_blue": false, "is_verified_unpaid": false}, "created_at": "Thu Jan 09 16:36:38 +0000 2025"}, {"text": "Nie mamy kopalni przemys\u0142u ci\u0119\u017ckiego stara jelcze Stary i kamazy dawno odesz\u0142y do lamusa auta osobowe te\u017c maj\u0105 coraz bardziej wy\u015brubowane normy a jako\u015b\u0107 powietrza jest tragiczna i grozi nam smog. Naprawd\u0119 ?", "engagement": {"like_count": 31, "retweet_count": 3, "quote_count": 0, "reply_count": 0, "view_count": "406"}, "ids": {"id_user": "1595184244594196481", "id_tweet": "1873749135347810441", "reply_twit": null}, "user": {"tweets_count": 29627, "followers_count": 5267, "favourites_count": 145626, "listed_count": 5, "withheld_in_countries": [], "is_verified_paid_blue": false, "is_verified_unpaid": false}, "created_at": "Mon Dec 30 15:13:01 +0000 2024"}, {"text": "Od\u015bnie\u017cacie? Super!\nTe\u017c macie takie czarne elementy, py\u0142 z komin\u00f3w w \u015bwie\u017co spadaj\u0105cym \u015bniegu?\n\u015al\u0105sk co to jest za mental! \u2620\ufe0f\ud83e\udd2e\ud83e\udd22\ud83d\ude37\ud83d\udca9", "engagement": {"like_count": 1, "retweet_count": 0, "quote_count": 0, "reply_count": 0, "view_count": "52"}, "ids": {"id_user": "1324765102315360258", "id_tweet": "1878398623660081502", "reply_twit": null}, "user": {"tweets_count": 11227, "followers_count": 616, "favourites_count": 17100, "listed_count": 5, "withheld_in_countries": [], "is_verified_paid_blue": false, "is_verified_unpaid": false}, "created_at": "Sun Jan 12 11:08:25 +0000 2025"}, {"text": "Smog, ludzie PO g\u0142osuj\u0105cy w PKW za subwencj\u0105 dla PiS, zapowied\u017a podej\u015bcia PSL-u do nowego programu rozdawnictwa dla deweloper\u00f3w, szokuj\u0105ce dane o skali ewakuacji dzieci bogatych rodzic\u00f3w ze szk\u00f3\u0142 publicznych do szk\u00f3\u0142 prywatnych... nie by\u0142o mi\u0142o dzi\u015b tu zerka\u0107 na newsy z Polski.", "engagement": {"like_count": 14, "retweet_count": 2, "quote_count": 0, "reply_count": 0, "view_count": "454"}, "ids": {"id_user": "2230650283", "id_tweet": "1873802424328347876", "reply_twit": null}, "user": {"tweets_count": 11064, "followers_count": 7077, "favourites_count": 213421, "listed_count": 77, "withheld_in_countries": [], "is_verified_paid_blue": false, "is_verified_unpaid": false}, "created_at": "Mon Dec 30 18:44:46 +0000 2024"}, {"text": "Dzi\u015b wreszcie smog wyszed\u0142 z miasta i mo\u017cna i\u015b\u0107 na spacer w s\u0142oneczny zimowy poranek.", "engagement": {"like_count": 1, "retweet_count": 0, "quote_count": 0, "reply_count": 0, "view_count": "235"}, "ids": {"id_user": "3184749983", "id_tweet": "1874019780484882530", "reply_twit": null}, "user": {"tweets_count": 77586, "followers_count": 2732, "favourites_count": 138800, "listed_count": 58, "withheld_in_countries": [], "is_verified_paid_blue": false, "is_verified_unpaid": false}, "created_at": "Tue Dec 31 09:08:27 +0000 2024"}, {"text": "By\u0142o wczoraj, jest i dzisiaj... Reuters znowu przez tydzie\u0144 b\u0119dzie pisa\u0142 o tym samym-tym razem Wietnam i smog.\n\n'Dzi\u0119ki' za takie 'przybli\u017canie' \u015bwiata...\n\n@DoliwaGorska\n@rafalhubert\n@laskowski_pl\n\nhttps://t.co/mNQ42n5uSs", "engagement": {"like_count": 3, "retweet_count": 0, "quote_count": 0, "reply_count": 1, "view_count": "93"}, "ids": {"id_user": "43808104", "id_tweet": "1875355819191280011", "reply_twit": null}, "user": {"tweets_count": 10882, "followers_count": 908, "favourites_count": 5623, "listed_count": 7, "withheld_in_countries": [], "is_verified_paid_blue": false, "is_verified_unpaid": false}, "created_at": "Sat Jan 04 01:37:24 +0000 2025"}, {"text": "Przy wszystkich wyborach wszyscy mieszaj\u0105 od zawsze: od TVP przez \u201eWyborcz\u0105\u201d, Ringier Axel Springer, TVN i Republik\u0119.\nTo \u017ce Moskwa nam wybierze prezydenta przez X tak bardzo \u015bmierdzi prewencyjnym \u201ezabezpieczeniem\u201d wyniku wybor\u00f3w przez \u201edemokrat\u00f3w\u201d jak smog w styczniu w Krakowie.", "engagement": {"like_count": 67, "retweet_count": 8, "quote_count": 0, "reply_count": 4, "view_count": "1709"}, "ids": {"id_user": "3288445726", "id_tweet": "1876980806985396488", "reply_twit": null}, "user": {"tweets_count": 44338, "followers_count": 6117, "favourites_count": 11717, "listed_count": 34, "withheld_in_countries": [], "is_verified_paid_blue": false, "is_verified_unpaid": false}, "created_at": "Wed Jan 08 13:14:31 +0000 2025"}, {"text": "@AdrianMiluk @Hala72940939 Wprowadz\u0119 troch\u0119 chronologii po\u017car zacz\u0105\u0142 si\u0119 \npo jedenastej rano, wybuch\u0142 z ogromn\u0105 si\u0142\u0105 i by\u0142 ju\u017c widoczny z okien UCLA dok\u0142adnie godzin\u0119 p\u00f3\u017aniej, jest delikatny wietrzyk, czarny smog pokrywa miasto wp\u00f3\u0142 do sz\u00f3stej wiecz\u00f3r\n- nie ma \u017cadnych wichur, \nWichura dociera w okolice", "engagement": {"like_count": 3, "retweet_count": 2, "quote_count": 0, "reply_count": 1, "view_count": "150"}, "ids": {"id_user": "1314080390529851392", "id_tweet": "1878124933412278598", "reply_twit": "1878042408597770671"}, "user": {"tweets_count": 103620, "followers_count": 2325, "favourites_count": 165466, "listed_count": 6, "withheld_in_countries": [], "is_verified_paid_blue": false, "is_verified_unpaid": false}, "created_at": "Sat Jan 11 17:00:52 +0000 2025"}]