[[{"id": 642, "stationId": 114, "param": {"paramName": "dwutlenek azotu", "paramFormula": "NO2", "paramCode": "NO2", "idParam": 6}}, {"id": 644, "stationId": 114, "param": {"paramName": "ozon", "paramFormula": "O3", "paramCode": "O3", "idParam": 5}}], [{"id": 672, "stationId": 117, "param": {"paramName": "dwutlenek siarki", "paramFormula": "SO2", "paramCode": "SO2", "idParam": 1}}, {"id": 658, "stationId": 117, "param": {"paramName": "benzen", "paramFormula": "C6H6", "paramCode": "C6H6", "idParam": 10}}, {"id": 660, "stationId": 117, "param": {"paramName": "tlenek w\u0119gla", "paramFormula": "CO", "paramCode": "CO", "idParam": 8}}, {"id": 665, "stationId": 117, "param": {"paramName": "dwutlenek azotu", "paramFormula": "NO2", "paramCode": "NO2", "idParam": 6}}, {"id": 667, "stationId": 117, "param": {"paramName": "ozon", "paramFormula": "O3", "paramCode": "O3", "idParam": 5}}, {"id": 670, "stationId": 117, "param": {"paramName": "py\u0142 zawieszony PM2.5", "paramFormula": "PM2.5", "paramCode": "PM2.5", "idParam": 69}}, {"id": 14395, "stationId": 117, "param": {"paramName": "py\u0142 zawieszony PM10", "paramFormula": "PM10", "paramCode": "PM10", "idParam": 3}}], [{"id": 737, "stationId": 129, "param": {"paramName": "tlenek w\u0119gla", "paramFormula": "CO", "paramCode": "CO", "idParam": 8}}, {"id": 740, "stationId": 129, "param": {"paramName": "dwutlenek azotu", "paramFormula": "NO2", "paramCode": "NO2", "idParam": 6}}, {"id": 744, "stationId": 129, "param": {"paramName": "py\u0142 zawieszony PM2.5", "paramFormula": "PM2.5", "paramCode": "PM2.5", "idParam": 69}}], [{"id": 282, "stationId": 52, "param": {"paramName": "benzen", "paramFormula": "C6H6", "paramCode": "C6H6", "idParam": 10}}, {"id": 285, "stationId": 52, "param": {"paramName": "tlenek w\u0119gla", "paramFormula": "CO", "paramCode": "CO", "idParam": 8}}, {"id": 291, "stationId": 52, "param": {"paramName": "dwutlenek azotu", "paramFormula": "NO2", "paramCode": "NO2", "idParam": 6}}, {"id": 293, "stationId": 52, "param": {"paramName": "ozon", "paramFormula": "O3", "paramCode": "O3", "idParam": 5}}, {"id": 297, "stationId": 52, "param": {"paramName": "dwutlenek siarki", "paramFormula": "SO2", "paramCode": "SO2", "idParam": 1}}, {"id": 14397, "stationId": 52, "param": {"paramName": "py\u0142 zawieszony PM10", "paramFormula": "PM10", "paramCode": "PM10", "idParam": 3}}], [{"id": 605, "stationId": 109, "param": {"paramName": "benzen", "paramFormula": "C6H6", "paramCode": "C6H6", "idParam": 10}}, {"id": 608, "stationId": 109, "param": {"paramName": "tlenek w\u0119gla", "paramFormula": "CO", "paramCode": "CO", "idParam": 8}}, {"id": 614, "stationId": 109, "param": {"paramName": "dwutlenek azotu", "paramFormula": "NO2", "paramCode": "NO2", "idParam": 6}}, {"id": 616, "stationId": 109, "param": {"paramName": "ozon", "paramFormula": "O3", "paramCode": "O3", "idParam": 5}}, {"id": 618, "stationId": 109, "param": {"paramName": "py\u0142 zawieszony PM10", "paramFormula": "PM10", "paramCode": "PM10", "idParam": 3}}, {"id": 621, "stationId": 109, "param": {"paramName": "dwutlenek siarki", "paramFormula": "SO2", "paramCode": "SO2", "idParam": 1}}], [{"id": 50, "stationId": 11, "param": {"paramName": "dwutlenek azotu", "paramFormula": "NO2", "paramCode": "NO2", "idParam": 6}}, {"id": 52, "stationId": 11, "param": {"paramName": "ozon", "paramFormula": "O3", "paramCode": "O3", "idParam": 5}}, {"id": 54, "stationId": 11, "param": {"paramName": "py\u0142 zawieszony PM10", "paramFormula": "PM10", "paramCode": "PM10", "idParam": 3}}], [{"id": 101, "stationId": 16, "param": {"paramName": "py\u0142 zawieszony PM10", "paramFormula": "PM10", "paramCode": "PM10", "idParam": 3}}], [{"id": 221, "stationId": 38, "param": {"paramName": "dwutlenek azotu", "paramFormula": "NO2", "paramCode": "NO2", "idParam": 6}}, {"id": 223, "stationId": 38, "param": {"paramName": "ozon", "paramFormula": "O3", "paramCode": "O3", "idParam": 5}}, {"id": 224, "stationId": 38, "param": {"paramName": "py\u0142 zawieszony PM10", "paramFormula": "PM10", "paramCode": "PM10", "idParam": 3}}, {"id": 25988, "stationId": 38, "param": {"paramName": "py\u0142 zawieszony PM2.5", "paramFormula": "PM2.5", "paramCode": "PM2.5", "idParam": 69}}], [{"id": 397, "stationId": 70, "param": {"paramName": "dwutlenek azotu", "paramFormula": "NO2", "paramCode": "NO2", "idParam": 6}}, {"id": 400, "stationId": 70, "param": {"paramName": "py\u0142 zawieszony PM10", "paramFormula": "PM10", "paramCode": "PM10", "idParam": 3}}, {"id": 20214, "stationId": 70, "param": {"paramName": "ozon", "paramFormula": "O3", "paramCode": "O3", "idParam": 5}}], [{"id": 441, "stationId": 74, "param": {"paramName": "dwutlenek azotu", "paramFormula": "NO2", "paramCode": "NO2", "idParam": 6}}, {"id": 444, "stationId": 74, "param": {"paramName": "ozon", "paramFormula": "O3", "paramCode": "O3", "idParam": 5}}, {"id": 450, "stationId": 74, "param": {"paramName": "dwutlenek siarki", "paramFormula": "SO2", "paramCode": "SO2", "idParam": 1}}], [{"id": 14727, "stationId": 9153, "param": {"paramName": "dwutlenek azotu", "paramFormula": "NO2", "paramCode": "NO2", "idParam": 6}}, {"id": 14729, "stationId": 9153, "param": {"paramName": "ozon", "paramFormula": "O3", "paramCode": "O3", "idParam": 5}}, {"id": 14730, "stationId": 9153, "param": {"paramName": "py\u0142 zawieszony PM10", "paramFormula": "PM10", "paramCode": "PM10", "idParam": 3}}, {"id": 14731, "stationId": 9153, "param": {"paramName": "py\u0142 zawieszony PM2.5", "paramFormula": "PM2.5", "paramCode": "PM2.5", "idParam": 69}}, {"id": 14733, "stationId": 9153, "param": {"paramName": "dwutlenek siarki", "paramFormula": "SO2", "paramCode": "SO2", "idParam": 1}}, {"id": 14734, "stationId": 9153, "param": {"paramName": "benzen", "paramFormula": "C6H6", "paramCode": "C6H6", "idParam": 10}}, {"id": 14707, "stationId": 9153, "param": {"paramName": "tlenek w\u0119gla", "paramFormula": "CO", "paramCode": "CO", "idParam": 8}}], [{"id": 20210, "stationId": 11254, "param": {"paramName": "py\u0142 zawieszony PM10", "paramFormula": "PM10", "paramCode": "PM10", "idParam": 3}}], [{"id": 21368, "stationId": 11934, "param": {"paramName": "dwutlenek azotu", "paramFormula": "NO2", "paramCode": "NO2", "idParam": 6}}, {"id": 21370, "stationId": 11934, "param": {"paramName": "py\u0142 zawieszony PM10", "paramFormula": "PM10", "paramCode": "PM10", "idParam": 3}}, {"id": 21371, "stationId": 11934, "param": {"paramName": "ozon", "paramFormula": "O3", "paramCode": "O3", "idParam": 5}}], [{"id": 949, "stationId": 156, "param": {"paramName": "benzen", "paramFormula": "C6H6", "paramCode": "C6H6", "idParam": 10}}, {"id": 952, "stationId": 156, "param": {"paramName": "tlenek w\u0119gla", "paramFormula": "CO", "paramCode": "CO", "idParam": 8}}, {"id": 959, "stationId": 156, "param": {"paramName": "dwutlenek azotu", "paramFormula": "NO2", "paramCode": "NO2", "idParam": 6}}, {"id": 965, "stationId": 156, "param": {"paramName": "py\u0142 zawieszony PM10", "paramFormula": "PM10", "paramCode": "PM10", "idParam": 3}}, {"id": 966, "stationId": 156, "param": {"paramName": "py\u0142 zawieszony PM2.5", "paramFormula": "PM2.5", "paramCode": "PM2.5", "idParam": 69}}], [{"id": 991, "stationId": 158, "param": {"paramName": "dwutlenek azotu", "paramFormula": "NO2", "paramCode": "NO2", "idParam": 6}}, {"id": 993, "stationId": 158, "param": {"paramName": "ozon", "paramFormula": "O3", "paramCode": "O3", "idParam": 5}}, {"id": 995, "stationId": 158, "param": {"paramName": "py\u0142 zawieszony PM10", "paramFormula": "PM10", "paramCode": "PM10", "idParam": 3}}, {"id": 996, "stationId": 158, "param": {"paramName": "py\u0142 zawieszony PM2.5", "paramFormula": "PM2.5", "paramCode": "PM2.5", "idParam": 69}}, {"id": 998, "stationId": 158, "param": {"paramName": "dwutlenek siarki", "paramFormula": "SO2", "paramCode": "SO2", "idParam": 1}}], [{"id": 20780, "stationId": 11576, "param": {"paramName": "dwutlenek azotu", "paramFormula": "NO2", "paramCode": "NO2", "idParam": 6}}, {"id": 20786, "stationId": 11576, "param": {"paramName": "ozon", "paramFormula": "O3", "paramCode": "O3", "idParam": 5}}], [{"id": 853, "stationId": 145, "param": {"paramName": "py\u0142 zawieszony PM10", "paramFormula": "PM10", "paramCode": "PM10", "idParam": 3}}], [{"id": 1401, "stationId": 206, "param": {"paramName": "dwutlenek azotu", "paramFormula": "NO2", "paramCode": "NO2", "idParam": 6}}, {"id": 1403, "stationId": 206, "param": {"paramName": "ozon", "paramFormula": "O3", "paramCode": "O3", "idParam": 5}}, {"id": 1405, "stationId": 206, "param": {"paramName": "py\u0142 zawieszony PM10", "paramFormula": "PM10", "paramCode": "PM10", "idParam": 3}}, {"id": 1409, "stationId": 206, "param": {"paramName": "dwutlenek siarki", "paramFormula": "SO2", "paramCode": "SO2", "idParam": 1}}], [{"id": 1414, "stationId": 208, "param": {"paramName": "benzen", "paramFormula": "C6H6", "paramCode": "C6H6", "idParam": 10}}, {"id": 1416, "stationId": 208, "param": {"paramName": "tlenek w\u0119gla", "paramFormula": "CO", "paramCode": "CO", "idParam": 8}}, {"id": 1421, "stationId": 208, "param": {"paramName": "dwutlenek azotu", "paramFormula": "NO2", "paramCode": "NO2", "idParam": 6}}, {"id": 1426, "stationId": 208, "param": {"paramName": "py\u0142 zawieszony PM10", "paramFormula": "PM10", "paramCode": "PM10", "idParam": 3}}, {"id": 21163, "stationId": 208, "param": {"paramName": "py\u0142 zawieszony PM2.5", "paramFormula": "PM2.5", "paramCode": "PM2.5", "idParam": 69}}], [{"id": 1534, "stationId": 225, "param": {"paramName": "tlenek w\u0119gla", "paramFormula": "CO", "paramCode": "CO", "idParam": 8}}, {"id": 1539, "stationId": 225, "param": {"paramName": "dwutlenek azotu", "paramFormula": "NO2", "paramCode": "NO2", "idParam": 6}}, {"id": 1544, "stationId": 225, "param": {"paramName": "py\u0142 zawieszony PM10", "paramFormula": "PM10", "paramCode": "PM10", "idParam": 3}}, {"id": 19698, "stationId": 225, "param": {"paramName": "py\u0142 zawieszony PM2.5", "paramFormula": "PM2.5", "paramCode": "PM2.5", "idParam": 69}}, {"id": 18023, "stationId": 225, "param": {"paramName": "benzen", "paramFormula": "C6H6", "paramCode": "C6H6", "idParam": 10}}], [{"id": 15988, "stationId": 9791, "param": {"paramName": "ozon", "paramFormula": "O3", "paramCode": "O3", "idParam": 5}}, {"id": 20302, "stationId": 9791, "param": {"paramName": "py\u0142 zawieszony PM10", "paramFormula": "PM10", "paramCode": "PM10", "idParam": 3}}, {"id": 15982, "stationId": 9791, "param": {"paramName": "dwutlenek azotu", "paramFormula": "NO2", "paramCode": "NO2", "idParam": 6}}, {"id": 21264, "stationId": 9791, "param": {"paramName": "dwutlenek siarki", "paramFormula": "SO2", "paramCode": "SO2", "idParam": 1}}], [{"id": 806, "stationId": 142, "param": {"paramName": "tlenek w\u0119gla", "paramFormula": "CO", "paramCode": "CO", "idParam": 8}}, {"id": 809, "stationId": 142, "param": {"paramName": "dwutlenek azotu", "paramFormula": "NO2", "paramCode": "NO2", "idParam": 6}}, {"id": 812, "stationId": 142, "param": {"paramName": "py\u0142 zawieszony PM10", "paramFormula": "PM10", "paramCode": "PM10", "idParam": 3}}], [{"id": 1061, "stationId": 164, "param": {"paramName": "dwutlenek azotu", "paramFormula": "NO2", "paramCode": "NO2", "idParam": 6}}, {"id": 1063, "stationId": 164, "param": {"paramName": "ozon", "paramFormula": "O3", "paramCode": "O3", "idParam": 5}}], [{"id": 1283, "stationId": 190, "param": {"paramName": "dwutlenek azotu", "paramFormula": "NO2", "paramCode": "NO2", "idParam": 6}}, {"id": 1285, "stationId": 190, "param": {"paramName": "ozon", "paramFormula": "O3", "paramCode": "O3", "idParam": 5}}], [{"id": 1600, "stationId": 232, "param": {"paramName": "benzen", "paramFormula": "C6H6", "paramCode": "C6H6", "idParam": 10}}, {"id": 1607, "stationId": 232, "param": {"paramName": "tlenek w\u0119gla", "paramFormula": "CO", "paramCode": "CO", "idParam": 8}}, {"id": 1635, "stationId": 232, "param": {"paramName": "dwutlenek azotu", "paramFormula": "NO2", "paramCode": "NO2", "idParam": 6}}, {"id": 1640, "stationId": 232, "param": {"paramName": "ozon", "paramFormula": "O3", "paramCode": "O3", "idParam": 5}}, {"id": 1650, "stationId": 232, "param": {"paramName": "dwutlenek siarki", "paramFormula": "SO2", "paramCode": "SO2", "idParam": 1}}], [{"id": 21167, "stationId": 9798, "param": {"paramName": "dwutlenek azotu", "paramFormula": "NO2", "paramCode": "NO2", "idParam": 6}}, {"id": 15820, "stationId": 9798, "param": {"paramName": "benzen", "paramFormula": "C6H6", "paramCode": "C6H6", "idParam": 10}}, {"id": 28894, "stationId": 9798, "param": {"paramName": "tlenek w\u0119gla", "paramFormula": "CO", "paramCode": "CO", "idParam": 8}}, {"id": 28895, "stationId": 9798, "param": {"paramName": "dwutlenek siarki", "paramFormula": "SO2", "paramCode": "SO2", "idParam": 1}}, {"id": 25983, "stationId": 9798, "param": {"paramName": "py\u0142 zawieszony PM10", "paramFormula": "PM10", "paramCode": "PM10", "idParam": 3}}, {"id": 25984, "stationId": 9798, "param": {"paramName": "py\u0142 zawieszony PM2.5", "paramFormula": "PM2.5", "paramCode": "PM2.5", "idParam": 69}}], [{"id": 21504, "stationId": 12038, "param": {"paramName": "dwutlenek azotu", "paramFormula": "NO2", "paramCode": "NO2", "idParam": 6}}, {"id": 21509, "stationId": 12038, "param": {"paramName": "py\u0142 zawieszony PM10", "paramFormula": "PM10", "paramCode": "PM10", "idParam": 3}}, {"id": 21510, "stationId": 12038, "param": {"paramName": "py\u0142 zawieszony PM2.5", "paramFormula": "PM2.5", "paramCode": "PM2.5", "idParam": 69}}], [{"id": 1888, "stationId": 266, "param": {"paramName": "tlenek w\u0119gla", "paramFormula": "CO", "paramCode": "CO", "idParam": 8}}, {"id": 1895, "stationId": 266, "param": {"paramName": "dwutlenek azotu", "paramFormula": "NO2", "paramCode": "NO2", "idParam": 6}}, {"id": 1897, "stationId": 266, "param": {"paramName": "ozon", "paramFormula": "O3", "paramCode": "O3", "idParam": 5}}, {"id": 1900, "stationId": 266, "param": {"paramName": "py\u0142 zawieszony PM10", "paramFormula": "PM10", "paramCode": "PM10", "idParam": 3}}, {"id": 1902, "stationId": 266, "param": {"paramName": "dwutlenek siarki", "paramFormula": "SO2", "paramCode": "SO2", "idParam": 1}}, {"id": 1885, "stationId": 266, "param": {"paramName": "benzen", "paramFormula": "C6H6", "paramCode": "C6H6", "idParam": 10}}, {"id": 16472, "stationId": 266, "param": {"paramName": "py\u0142 zawieszony PM2.5", "paramFormula": "PM2.5", "paramCode": "PM2.5", "idParam": 69}}], [{"id": 20419, "stationId": 236, "param": {"paramName": "py\u0142 zawieszony PM10", "paramFormula": "PM10", "paramCode": "PM10", "idParam": 3}}, {"id": 15727, "stationId": 236, "param": {"paramName": "dwutlenek azotu", "paramFormula": "NO2", "paramCode": "NO2", "idParam": 6}}, {"id": 18009, "stationId": 236, "param": {"paramName": "benzen", "paramFormula": "C6H6", "paramCode": "C6H6", "idParam": 10}}, {"id": 1676, "stationId": 236, "param": {"paramName": "ozon", "paramFormula": "O3", "paramCode": "O3", "idParam": 5}}], [{"id": 1741, "stationId": 248, "param": {"paramName": "ozon", "paramFormula": "O3", "paramCode": "O3", "idParam": 5}}], [{"id": 27126, "stationId": 275, "param": {"paramName": "py\u0142 zawieszony PM10", "paramFormula": "PM10", "paramCode": "PM10", "idParam": 3}}], [{"id": 1983, "stationId": 282, "param": {"paramName": "ozon", "paramFormula": "O3", "paramCode": "O3", "idParam": 5}}], [{"id": 2001, "stationId": 285, "param": {"paramName": "dwutlenek azotu", "paramFormula": "NO2", "paramCode": "NO2", "idParam": 6}}, {"id": 2008, "stationId": 285, "param": {"paramName": "dwutlenek siarki", "paramFormula": "SO2", "paramCode": "SO2", "idParam": 1}}, {"id": 16744, "stationId": 285, "param": {"paramName": "py\u0142 zawieszony PM10", "paramFormula": "PM10", "paramCode": "PM10", "idParam": 3}}, {"id": 26316, "stationId": 285, "param": {"paramName": "py\u0142 zawieszony PM2.5", "paramFormula": "PM2.5", "paramCode": "PM2.5", "idParam": 69}}], [{"id": 18039, "stationId": 10874, "param": {"paramName": "dwutlenek azotu", "paramFormula": "NO2", "paramCode": "NO2", "idParam": 6}}, {"id": 18041, "stationId": 10874, "param": {"paramName": "dwutlenek siarki", "paramFormula": "SO2", "paramCode": "SO2", "idParam": 1}}, {"id": 18042, "stationId": 10874, "param": {"paramName": "ozon", "paramFormula": "O3", "paramCode": "O3", "idParam": 5}}], [{"id": 20426, "stationId": 11360, "param": {"paramName": "py\u0142 zawieszony PM10", "paramFormula": "PM10", "paramCode": "PM10", "idParam": 3}}], [{"id": 2416, "stationId": 361, "param": {"paramName": "dwutlenek azotu", "paramFormula": "NO2", "paramCode": "NO2", "idParam": 6}}, {"id": 2418, "stationId": 361, "param": {"paramName": "ozon", "paramFormula": "O3", "paramCode": "O3", "idParam": 5}}, {"id": 2421, "stationId": 361, "param": {"paramName": "py\u0142 zawieszony PM10", "paramFormula": "PM10", "paramCode": "PM10", "idParam": 3}}, {"id": 2425, "stationId": 361, "param": {"paramName": "dwutlenek siarki", "paramFormula": "SO2", "paramCode": "SO2", "idParam": 1}}, {"id": 26165, "stationId": 361, "param": {"paramName": "py\u0142 zawieszony PM2.5", "paramFormula": "PM2.5", "paramCode": "PM2.5", "idParam": 69}}], [{"id": 2647, "stationId": 387, "param": {"paramName": "benzen", "paramFormula": "C6H6", "paramCode": "C6H6", "idParam": 10}}, {"id": 2649, "stationId": 387, "param": {"paramName": "tlenek w\u0119gla", "paramFormula": "CO", "paramCode": "CO", "idParam": 8}}, {"id": 2657, "stationId": 387, "param": {"paramName": "dwutlenek azotu", "paramFormula": "NO2", "paramCode": "NO2", "idParam": 6}}, {"id": 2659, "stationId": 387, "param": {"paramName": "ozon", "paramFormula": "O3", "paramCode": "O3", "idParam": 5}}, {"id": 2664, "stationId": 387, "param": {"paramName": "py\u0142 zawieszony PM2.5", "paramFormula": "PM2.5", "paramCode": "PM2.5", "idParam": 69}}, {"id": 2668, "stationId": 387, "param": {"paramName": "dwutlenek siarki", "paramFormula": "SO2", "paramCode": "SO2", "idParam": 1}}, {"id": 14428, "stationId": 387, "param": {"paramName": "py\u0142 zawieszony PM10", "paramFormula": "PM10", "paramCode": "PM10", "idParam": 3}}], [{"id": 20232, "stationId": 11294, "param": {"paramName": "py\u0142 zawieszony PM10", "paramFormula": "PM10", "paramCode": "PM10", "idParam": 3}}], [{"id": 2504, "stationId": 374, "param": {"paramName": "dwutlenek azotu", "paramFormula": "NO2", "paramCode": "NO2", "idParam": 6}}, {"id": 2506, "stationId": 374, "param": {"paramName": "ozon", "paramFormula": "O3", "paramCode": "O3", "idParam": 5}}, {"id": 2510, "stationId": 374, "param": {"paramName": "dwutlenek siarki", "paramFormula": "SO2", "paramCode": "SO2", "idParam": 1}}], [{"id": 2523, "stationId": 376, "param": {"paramName": "dwutlenek azotu", "paramFormula": "NO2", "paramCode": "NO2", "idParam": 6}}, {"id": 2525, "stationId": 376, "param": {"paramName": "ozon", "paramFormula": "O3", "paramCode": "O3", "idParam": 5}}, {"id": 2528, "stationId": 376, "param": {"paramName": "py\u0142 zawieszony PM10", "paramFormula": "PM10", "paramCode": "PM10", "idParam": 3}}], [{"id": 2559, "stationId": 379, "param": {"paramName": "dwutlenek azotu", "paramFormula": "NO2", "paramCode": "NO2", "idParam": 6}}, {"id": 2563, "stationId": 379, "param": {"paramName": "py\u0142 zawieszony PM10", "paramFormula": "PM10", "paramCode": "PM10", "idParam": 3}}, {"id": 19721, "stationId": 379, "param": {"paramName": "py\u0142 zawieszony PM2.5", "paramFormula": "PM2.5", "paramCode": "PM2.5", "idParam": 69}}, {"id": 14633, "stationId": 379, "param": {"paramName": "ozon", "paramFormula": "O3", "paramCode": "O3", "idParam": 5}}], [{"id": 2589, "stationId": 382, "param": {"paramName": "tlenek w\u0119gla", "paramFormula": "CO", "paramCode": "CO", "idParam": 8}}, {"id": 2594, "stationId": 382, "param": {"paramName": "dwutlenek azotu", "paramFormula": "NO2", "paramCode": "NO2", "idParam": 6}}, {"id": 2596, "stationId": 382, "param": {"paramName": "ozon", "paramFormula": "O3", "paramCode": "O3", "idParam": 5}}, {"id": 2601, "stationId": 382, "param": {"paramName": "dwutlenek siarki", "paramFormula": "SO2", "paramCode": "SO2", "idParam": 1}}, {"id": 14619, "stationId": 382, "param": {"paramName": "benzen", "paramFormula": "C6H6", "paramCode": "C6H6", "idParam": 10}}, {"id": 14618, "stationId": 382, "param": {"paramName": "py\u0142 zawieszony PM10", "paramFormula": "PM10", "paramCode": "PM10", "idParam": 3}}, {"id": 20221, "stationId": 382, "param": {"paramName": "py\u0142 zawieszony PM2.5", "paramFormula": "PM2.5", "paramCode": "PM2.5", "idParam": 69}}], [{"id": 27328, "stationId": 16613, "param": {"paramName": "py\u0142 zawieszony PM10", "paramFormula": "PM10", "paramCode": "PM10", "idParam": 3}}], [{"id": 2064, "stationId": 295, "param": {"paramName": "dwutlenek azotu", "paramFormula": "NO2", "paramCode": "NO2", "idParam": 6}}, {"id": 2066, "stationId": 295, "param": {"paramName": "ozon", "paramFormula": "O3", "paramCode": "O3", "idParam": 5}}, {"id": 2069, "stationId": 295, "param": {"paramName": "py\u0142 zawieszony PM10", "paramFormula": "PM10", "paramCode": "PM10", "idParam": 3}}, {"id": 2071, "stationId": 295, "param": {"paramName": "py\u0142 zawieszony PM2.5", "paramFormula": "PM2.5", "paramCode": "PM2.5", "idParam": 69}}], [{"id": 2088, "stationId": 296, "param": {"paramName": "dwutlenek siarki", "paramFormula": "SO2", "paramCode": "SO2", "idParam": 1}}, {"id": 2087, "stationId": 296, "param": {"paramName": "py\u0142 zawieszony PM10", "paramFormula": "PM10", "paramCode": "PM10", "idParam": 3}}, {"id": 2079, "stationId": 296, "param": {"paramName": "benzen", "paramFormula": "C6H6", "paramCode": "C6H6", "idParam": 10}}, {"id": 2083, "stationId": 296, "param": {"paramName": "dwutlenek azotu", "paramFormula": "NO2", "paramCode": "NO2", "idParam": 6}}], [{"id": 2199, "stationId": 314, "param": {"paramName": "py\u0142 zawieszony PM10", "paramFormula": "PM10", "paramCode": "PM10", "idParam": 3}}, {"id": 2195, "stationId": 314, "param": {"paramName": "dwutlenek azotu", "paramFormula": "NO2", "paramCode": "NO2", "idParam": 6}}, {"id": 2197, "stationId": 314, "param": {"paramName": "ozon", "paramFormula": "O3", "paramCode": "O3", "idParam": 5}}], [{"id": 2370, "stationId": 355, "param": {"paramName": "tlenek w\u0119gla", "paramFormula": "CO", "paramCode": "CO", "idParam": 8}}, {"id": 2373, "stationId": 355, "param": {"paramName": "dwutlenek azotu", "paramFormula": "NO2", "paramCode": "NO2", "idParam": 6}}, {"id": 2375, "stationId": 355, "param": {"paramName": "ozon", "paramFormula": "O3", "paramCode": "O3", "idParam": 5}}, {"id": 2377, "stationId": 355, "param": {"paramName": "py\u0142 zawieszony PM10", "paramFormula": "PM10", "paramCode": "PM10", "idParam": 3}}, {"id": 2378, "stationId": 355, "param": {"paramName": "py\u0142 zawieszony PM2.5", "paramFormula": "PM2.5", "paramCode": "PM2.5", "idParam": 69}}, {"id": 2382, "stationId": 355, "param": {"paramName": "dwutlenek siarki", "paramFormula": "SO2", "paramCode": "SO2", "idParam": 1}}], [{"id": 16250, "stationId": 10058, "param": {"paramName": "py\u0142 zawieszony PM10", "paramFormula": "PM10", "paramCode": "PM10", "idParam": 3}}, {"id": 16228, "stationId": 10058, "param": {"paramName": "tlenek w\u0119gla", "paramFormula": "CO", "paramCode": "CO", "idParam": 8}}, {"id": 16231, "stationId": 10058, "param": {"paramName": "dwutlenek azotu", "paramFormula": "NO2", "paramCode": "NO2", "idParam": 6}}], [{"id": 2039, "stationId": 291, "param": {"paramName": "dwutlenek siarki", "paramFormula": "SO2", "paramCode": "SO2", "idParam": 1}}, {"id": 2031, "stationId": 291, "param": {"paramName": "dwutlenek azotu", "paramFormula": "NO2", "paramCode": "NO2", "idParam": 6}}, {"id": 2033, "stationId": 291, "param": {"paramName": "ozon", "paramFormula": "O3", "paramCode": "O3", "idParam": 5}}, {"id": 2035, "stationId": 291, "param": {"paramName": "py\u0142 zawieszony PM10", "paramFormula": "PM10", "paramCode": "PM10", "idParam": 3}}], [{"id": 2219, "stationId": 319, "param": {"paramName": "dwutlenek azotu", "paramFormula": "NO2", "paramCode": "NO2", "idParam": 6}}, {"id": 2221, "stationId": 319, "param": {"paramName": "ozon", "paramFormula": "O3", "paramCode": "O3", "idParam": 5}}, {"id": 2222, "stationId": 319, "param": {"paramName": "dwutlenek siarki", "paramFormula": "SO2", "paramCode": "SO2", "idParam": 1}}], [{"id": 2239, "stationId": 322, "param": {"paramName": "tlenek w\u0119gla", "paramFormula": "CO", "paramCode": "CO", "idParam": 8}}, {"id": 2242, "stationId": 322, "param": {"paramName": "dwutlenek azotu", "paramFormula": "NO2", "paramCode": "NO2", "idParam": 6}}, {"id": 2244, "stationId": 322, "param": {"paramName": "ozon", "paramFormula": "O3", "paramCode": "O3", "idParam": 5}}, {"id": 2245, "stationId": 322, "param": {"paramName": "py\u0142 zawieszony PM10", "paramFormula": "PM10", "paramCode": "PM10", "idParam": 3}}], [{"id": 16630, "stationId": 331, "param": {"paramName": "py\u0142 zawieszony PM10", "paramFormula": "PM10", "paramCode": "PM10", "idParam": 3}}, {"id": 16633, "stationId": 331, "param": {"paramName": "dwutlenek siarki", "paramFormula": "SO2", "paramCode": "SO2", "idParam": 1}}, {"id": 16638, "stationId": 331, "param": {"paramName": "dwutlenek azotu", "paramFormula": "NO2", "paramCode": "NO2", "idParam": 6}}, {"id": 17716, "stationId": 331, "param": {"paramName": "ozon", "paramFormula": "O3", "paramCode": "O3", "idParam": 5}}, {"id": 28730, "stationId": 331, "param": {"paramName": "benzen", "paramFormula": "C6H6", "paramCode": "C6H6", "idParam": 10}}, {"id": 21363, "stationId": 331, "param": {"paramName": "py\u0142 zawieszony PM2.5", "paramFormula": "PM2.5", "paramCode": "PM2.5", "idParam": 69}}], [{"id": 20796, "stationId": 11554, "param": {"paramName": "py\u0142 zawieszony PM2.5", "paramFormula": "PM2.5", "paramCode": "PM2.5", "idParam": 69}}, {"id": 20778, "stationId": 11554, "param": {"paramName": "py\u0142 zawieszony PM10", "paramFormula": "PM10", "paramCode": "PM10", "idParam": 3}}], [{"id": 20846, "stationId": 11616, "param": {"paramName": "py\u0142 zawieszony PM2.5", "paramFormula": "PM2.5", "paramCode": "PM2.5", "idParam": 69}}, {"id": 20847, "stationId": 11616, "param": {"paramName": "py\u0142 zawieszony PM10", "paramFormula": "PM10", "paramCode": "PM10", "idParam": 3}}], [{"id": 2745, "stationId": 400, "param": {"paramName": "tlenek w\u0119gla", "paramFormula": "CO", "paramCode": "CO", "idParam": 8}}, {"id": 2747, "stationId": 400, "param": {"paramName": "dwutlenek azotu", "paramFormula": "NO2", "paramCode": "NO2", "idParam": 6}}, {"id": 2750, "stationId": 400, "param": {"paramName": "py\u0142 zawieszony PM10", "paramFormula": "PM10", "paramCode": "PM10", "idParam": 3}}, {"id": 2752, "stationId": 400, "param": {"paramName": "py\u0142 zawieszony PM2.5", "paramFormula": "PM2.5", "paramCode": "PM2.5", "idParam": 69}}, {"id": 16500, "stationId": 400, "param": {"paramName": "benzen", "paramFormula": "C6H6", "paramCode": "C6H6", "idParam": 10}}], [{"id": 2766, "stationId": 401, "param": {"paramName": "dwutlenek azotu", "paramFormula": "NO2", "paramCode": "NO2", "idParam": 6}}, {"id": 2768, "stationId": 401, "param": {"paramName": "ozon", "paramFormula": "O3", "paramCode": "O3", "idParam": 5}}, {"id": 2770, "stationId": 401, "param": {"paramName": "py\u0142 zawieszony PM10", "paramFormula": "PM10", "paramCode": "PM10", "idParam": 3}}, {"id": 2774, "stationId": 401, "param": {"paramName": "dwutlenek siarki", "paramFormula": "SO2", "paramCode": "SO2", "idParam": 1}}], [{"id": 2779, "stationId": 402, "param": {"paramName": "benzen", "paramFormula": "C6H6", "paramCode": "C6H6", "idParam": 10}}, {"id": 2783, "stationId": 402, "param": {"paramName": "tlenek w\u0119gla", "paramFormula": "CO", "paramCode": "CO", "idParam": 8}}, {"id": 2788, "stationId": 402, "param": {"paramName": "dwutlenek azotu", "paramFormula": "NO2", "paramCode": "NO2", "idParam": 6}}, {"id": 2792, "stationId": 402, "param": {"paramName": "py\u0142 zawieszony PM10", "paramFormula": "PM10", "paramCode": "PM10", "idParam": 3}}, {"id": 2794, "stationId": 402, "param": {"paramName": "py\u0142 zawieszony PM2.5", "paramFormula": "PM2.5", "paramCode": "PM2.5", "idParam": 69}}, {"id": 2797, "stationId": 402, "param": {"paramName": "dwutlenek siarki", "paramFormula": "SO2", "paramCode": "SO2", "idParam": 1}}], [{"id": 16786, "stationId": 10123, "param": {"paramName": "py\u0142 zawieszony PM10", "paramFormula": "PM10", "paramCode": "PM10", "idParam": 3}}], [{"id": 16784, "stationId": 10139, "param": {"paramName": "py\u0142 zawieszony PM10", "paramFormula": "PM10", "paramCode": "PM10", "idParam": 3}}], [{"id": 17309, "stationId": 10447, "param": {"paramName": "py\u0142 zawieszony PM10", "paramFormula": "PM10", "paramCode": "PM10", "idParam": 3}}], [{"id": 20320, "stationId": 11303, "param": {"paramName": "py\u0142 zawieszony PM10", "paramFormula": "PM10", "paramCode": "PM10", "idParam": 3}}], [{"id": 27841, "stationId": 16896, "param": {"paramName": "py\u0142 zawieszony PM10", "paramFormula": "PM10", "paramCode": "PM10", "idParam": 3}}, {"id": 27843, "stationId": 16896, "param": {"paramName": "dwutlenek azotu", "paramFormula": "NO2", "paramCode": "NO2", "idParam": 6}}], [{"id": 31625, "stationId": 20367, "param": {"paramName": "ozon", "paramFormula": "O3", "paramCode": "O3", "idParam": 5}}], [{"id": 3073, "stationId": 444, "param": {"paramName": "dwutlenek siarki", "paramFormula": "SO2", "paramCode": "SO2", "idParam": 1}}, {"id": 3066, "stationId": 444, "param": {"paramName": "dwutlenek azotu", "paramFormula": "NO2", "paramCode": "NO2", "idParam": 6}}, {"id": 3068, "stationId": 444, "param": {"paramName": "ozon", "paramFormula": "O3", "paramCode": "O3", "idParam": 5}}, {"id": 3070, "stationId": 444, "param": {"paramName": "py\u0142 zawieszony PM10", "paramFormula": "PM10", "paramCode": "PM10", "idParam": 3}}], [{"id": 16494, "stationId": 10120, "param": {"paramName": "py\u0142 zawieszony PM2.5", "paramFormula": "PM2.5", "paramCode": "PM2.5", "idParam": 69}}, {"id": 16457, "stationId": 10120, "param": {"paramName": "py\u0142 zawieszony PM10", "paramFormula": "PM10", "paramCode": "PM10", "idParam": 3}}, {"id": 16460, "stationId": 10120, "param": {"paramName": "dwutlenek azotu", "paramFormula": "NO2", "paramCode": "NO2", "idParam": 6}}, {"id": 16465, "stationId": 10120, "param": {"paramName": "tlenek w\u0119gla", "paramFormula": "CO", "paramCode": "CO", "idParam": 8}}, {"id": 20560, "stationId": 10120, "param": {"paramName": "benzen", "paramFormula": "C6H6", "paramCode": "C6H6", "idParam": 10}}], [{"id": 2941, "stationId": 426, "param": {"paramName": "py\u0142 zawieszony PM10", "paramFormula": "PM10", "paramCode": "PM10", "idParam": 3}}, {"id": 2944, "stationId": 426, "param": {"paramName": "dwutlenek siarki", "paramFormula": "SO2", "paramCode": "SO2", "idParam": 1}}], [{"id": 3020, "stationId": 437, "param": {"paramName": "dwutlenek azotu", "paramFormula": "NO2", "paramCode": "NO2", "idParam": 6}}, {"id": 3023, "stationId": 437, "param": {"paramName": "py\u0142 zawieszony PM10", "paramFormula": "PM10", "paramCode": "PM10", "idParam": 3}}, {"id": 3026, "stationId": 437, "param": {"paramName": "dwutlenek siarki", "paramFormula": "SO2", "paramCode": "SO2", "idParam": 1}}, {"id": 27908, "stationId": 437, "param": {"paramName": "benzen", "paramFormula": "C6H6", "paramCode": "C6H6", "idParam": 10}}], [{"id": 3055, "stationId": 443, "param": {"paramName": "dwutlenek azotu", "paramFormula": "NO2", "paramCode": "NO2", "idParam": 6}}, {"id": 3057, "stationId": 443, "param": {"paramName": "ozon", "paramFormula": "O3", "paramCode": "O3", "idParam": 5}}, {"id": 3058, "stationId": 443, "param": {"paramName": "dwutlenek siarki", "paramFormula": "SO2", "paramCode": "SO2", "idParam": 1}}, {"id": 21453, "stationId": 443, "param": {"paramName": "py\u0142 zawieszony PM10", "paramFormula": "PM10", "paramCode": "PM10", "idParam": 3}}], [{"id": 3116, "stationId": 449, "param": {"paramName": "tlenek w\u0119gla", "paramFormula": "CO", "paramCode": "CO", "idParam": 8}}, {"id": 3123, "stationId": 449, "param": {"paramName": "py\u0142 zawieszony PM10", "paramFormula": "PM10", "paramCode": "PM10", "idParam": 3}}, {"id": 3127, "stationId": 449, "param": {"paramName": "dwutlenek siarki", "paramFormula": "SO2", "paramCode": "SO2", "idParam": 1}}, {"id": 16707, "stationId": 449, "param": {"paramName": "benzen", "paramFormula": "C6H6", "paramCode": "C6H6", "idParam": 10}}], [{"id": 27326, "stationId": 455, "param": {"paramName": "py\u0142 zawieszony PM10", "paramFormula": "PM10", "paramCode": "PM10", "idParam": 3}}], [{"id": 3191, "stationId": 459, "param": {"paramName": "dwutlenek azotu", "paramFormula": "NO2", "paramCode": "NO2", "idParam": 6}}, {"id": 3193, "stationId": 459, "param": {"paramName": "ozon", "paramFormula": "O3", "paramCode": "O3", "idParam": 5}}, {"id": 3195, "stationId": 459, "param": {"paramName": "py\u0142 zawieszony PM10", "paramFormula": "PM10", "paramCode": "PM10", "idParam": 3}}], [{"id": 14804, "stationId": 9179, "param": {"paramName": "dwutlenek azotu", "paramFormula": "NO2", "paramCode": "NO2", "idParam": 6}}, {"id": 14826, "stationId": 9179, "param": {"paramName": "ozon", "paramFormula": "O3", "paramCode": "O3", "idParam": 5}}], [{"id": 16486, "stationId": 10119, "param": {"paramName": "dwutlenek azotu", "paramFormula": "NO2", "paramCode": "NO2", "idParam": 6}}, {"id": 16488, "stationId": 10119, "param": {"paramName": "ozon", "paramFormula": "O3", "paramCode": "O3", "idParam": 5}}], [{"id": 16498, "stationId": 10124, "param": {"paramName": "py\u0142 zawieszony PM10", "paramFormula": "PM10", "paramCode": "PM10", "idParam": 3}}], [{"id": 21489, "stationId": 10446, "param": {"paramName": "py\u0142 zawieszony PM10", "paramFormula": "PM10", "paramCode": "PM10", "idParam": 3}}], [{"id": 21203, "stationId": 10814, "param": {"paramName": "benzen", "paramFormula": "C6H6", "paramCode": "C6H6", "idParam": 10}}, {"id": 21249, "stationId": 10814, "param": {"paramName": "py\u0142 zawieszony PM10", "paramFormula": "PM10", "paramCode": "PM10", "idParam": 3}}], [{"id": 21183, "stationId": 11301, "param": {"paramName": "py\u0142 zawieszony PM10", "paramFormula": "PM10", "paramCode": "PM10", "idParam": 3}}], [{"id": 21571, "stationId": 11434, "param": {"paramName": "py\u0142 zawieszony PM10", "paramFormula": "PM10", "paramCode": "PM10", "idParam": 3}}], [{"id": 27646, "stationId": 16753, "param": {"paramName": "py\u0142 zawieszony PM10", "paramFormula": "PM10", "paramCode": "PM10", "idParam": 3}}], [{"id": 27834, "stationId": 16894, "param": {"paramName": "dwutlenek siarki", "paramFormula": "SO2", "paramCode": "SO2", "idParam": 1}}, {"id": 27835, "stationId": 16894, "param": {"paramName": "py\u0142 zawieszony PM10", "paramFormula": "PM10", "paramCode": "PM10", "idParam": 3}}], [{"id": 28426, "stationId": 17118, "param": {"paramName": "py\u0142 zawieszony PM10", "paramFormula": "PM10", "paramCode": "PM10", "idParam": 3}}], [{"id": 3575, "stationId": 530, "param": {"paramName": "benzen", "paramFormula": "C6H6", "paramCode": "C6H6", "idParam": 10}}, {"id": 3576, "stationId": 530, "param": {"paramName": "tlenek w\u0119gla", "paramFormula": "CO", "paramCode": "CO", "idParam": 8}}, {"id": 3580, "stationId": 530, "param": {"paramName": "dwutlenek azotu", "paramFormula": "NO2", "paramCode": "NO2", "idParam": 6}}, {"id": 3584, "stationId": 530, "param": {"paramName": "py\u0142 zawieszony PM10", "paramFormula": "PM10", "paramCode": "PM10", "idParam": 3}}, {"id": 3585, "stationId": 530, "param": {"paramName": "py\u0142 zawieszony PM2.5", "paramFormula": "PM2.5", "paramCode": "PM2.5", "idParam": 69}}], [{"id": 3654, "stationId": 538, "param": {"paramName": "py\u0142 zawieszony PM10", "paramFormula": "PM10", "paramCode": "PM10", "idParam": 3}}, {"id": 18038, "stationId": 538, "param": {"paramName": "py\u0142 zawieszony PM2.5", "paramFormula": "PM2.5", "paramCode": "PM2.5", "idParam": 69}}], [{"id": 3725, "stationId": 550, "param": {"paramName": "dwutlenek azotu", "paramFormula": "NO2", "paramCode": "NO2", "idParam": 6}}, {"id": 3727, "stationId": 550, "param": {"paramName": "ozon", "paramFormula": "O3", "paramCode": "O3", "idParam": 5}}, {"id": 3730, "stationId": 550, "param": {"paramName": "py\u0142 zawieszony PM10", "paramFormula": "PM10", "paramCode": "PM10", "idParam": 3}}, {"id": 3731, "stationId": 550, "param": {"paramName": "py\u0142 zawieszony PM2.5", "paramFormula": "PM2.5", "paramCode": "PM2.5", "idParam": 69}}], [{"id": 3760, "stationId": 552, "param": {"paramName": "dwutlenek azotu", "paramFormula": "NO2", "paramCode": "NO2", "idParam": 6}}, {"id": 3762, "stationId": 552, "param": {"paramName": "ozon", "paramFormula": "O3", "paramCode": "O3", "idParam": 5}}, {"id": 3764, "stationId": 552, "param": {"paramName": "py\u0142 zawieszony PM10", "paramFormula": "PM10", "paramCode": "PM10", "idParam": 3}}, {"id": 14688, "stationId": 552, "param": {"paramName": "py\u0142 zawieszony PM2.5", "paramFormula": "PM2.5", "paramCode": "PM2.5", "idParam": 69}}], [{"id": 18200, "stationId": 10955, "param": {"paramName": "py\u0142 zawieszony PM10", "paramFormula": "PM10", "paramCode": "PM10", "idParam": 3}}, {"id": 18201, "stationId": 10955, "param": {"paramName": "py\u0142 zawieszony PM2.5", "paramFormula": "PM2.5", "paramCode": "PM2.5", "idParam": 69}}, {"id": 20408, "stationId": 10955, "param": {"paramName": "dwutlenek azotu", "paramFormula": "NO2", "paramCode": "NO2", "idParam": 6}}, {"id": 20410, "stationId": 10955, "param": {"paramName": "ozon", "paramFormula": "O3", "paramCode": "O3", "idParam": 5}}, {"id": 20411, "stationId": 10955, "param": {"paramName": "dwutlenek siarki", "paramFormula": "SO2", "paramCode": "SO2", "idParam": 1}}], [{"id": 18198, "stationId": 10956, "param": {"paramName": "py\u0142 zawieszony PM2.5", "paramFormula": "PM2.5", "paramCode": "PM2.5", "idParam": 69}}, {"id": 18199, "stationId": 10956, "param": {"paramName": "py\u0142 zawieszony PM10", "paramFormula": "PM10", "paramCode": "PM10", "idParam": 3}}], [{"id": 27047, "stationId": 16533, "param": {"paramName": "ozon", "paramFormula": "O3", "paramCode": "O3", "idParam": 5}}], [{"id": 3418, "stationId": 497, "param": {"paramName": "dwutlenek siarki", "paramFormula": "SO2", "paramCode": "SO2", "idParam": 1}}, {"id": 3407, "stationId": 497, "param": {"paramName": "benzen", "paramFormula": "C6H6", "paramCode": "C6H6", "idParam": 10}}], [{"id": 3419, "stationId": 501, "param": {"paramName": "benzen", "paramFormula": "C6H6", "paramCode": "C6H6", "idParam": 10}}, {"id": 3425, "stationId": 501, "param": {"paramName": "dwutlenek azotu", "paramFormula": "NO2", "paramCode": "NO2", "idParam": 6}}, {"id": 3429, "stationId": 501, "param": {"paramName": "py\u0142 zawieszony PM10", "paramFormula": "PM10", "paramCode": "PM10", "idParam": 3}}, {"id": 3434, "stationId": 501, "param": {"paramName": "dwutlenek siarki", "paramFormula": "SO2", "paramCode": "SO2", "idParam": 1}}, {"id": 16765, "stationId": 501, "param": {"paramName": "ozon", "paramFormula": "O3", "paramCode": "O3", "idParam": 5}}, {"id": 14376, "stationId": 501, "param": {"paramName": "py\u0142 zawieszony PM2.5", "paramFormula": "PM2.5", "paramCode": "PM2.5", "idParam": 69}}], [{"id": 3486, "stationId": 515, "param": {"paramName": "benzen", "paramFormula": "C6H6", "paramCode": "C6H6", "idParam": 10}}, {"id": 3487, "stationId": 515, "param": {"paramName": "tlenek w\u0119gla", "paramFormula": "CO", "paramCode": "CO", "idParam": 8}}, {"id": 3492, "stationId": 515, "param": {"paramName": "dwutlenek azotu", "paramFormula": "NO2", "paramCode": "NO2", "idParam": 6}}, {"id": 3494, "stationId": 515, "param": {"paramName": "ozon", "paramFormula": "O3", "paramCode": "O3", "idParam": 5}}, {"id": 3497, "stationId": 515, "param": {"paramName": "py\u0142 zawieszony PM10", "paramFormula": "PM10", "paramCode": "PM10", "idParam": 3}}, {"id": 3502, "stationId": 515, "param": {"paramName": "dwutlenek siarki", "paramFormula": "SO2", "paramCode": "SO2", "idParam": 1}}, {"id": 14377, "stationId": 515, "param": {"paramName": "py\u0142 zawieszony PM2.5", "paramFormula": "PM2.5", "paramCode": "PM2.5", "idParam": 69}}], [{"id": 3199, "stationId": 460, "param": {"paramName": "tlenek w\u0119gla", "paramFormula": "CO", "paramCode": "CO", "idParam": 8}}, {"id": 3201, "stationId": 460, "param": {"paramName": "dwutlenek azotu", "paramFormula": "NO2", "paramCode": "NO2", "idParam": 6}}, {"id": 3203, "stationId": 460, "param": {"paramName": "ozon", "paramFormula": "O3", "paramCode": "O3", "idParam": 5}}, {"id": 3204, "stationId": 460, "param": {"paramName": "py\u0142 zawieszony PM10", "paramFormula": "PM10", "paramCode": "PM10", "idParam": 3}}, {"id": 3205, "stationId": 460, "param": {"paramName": "dwutlenek siarki", "paramFormula": "SO2", "paramCode": "SO2", "idParam": 1}}], [{"id": 3229, "stationId": 466, "param": {"paramName": "dwutlenek azotu", "paramFormula": "NO2", "paramCode": "NO2", "idParam": 6}}, {"id": 3231, "stationId": 466, "param": {"paramName": "ozon", "paramFormula": "O3", "paramCode": "O3", "idParam": 5}}, {"id": 3237, "stationId": 466, "param": {"paramName": "dwutlenek siarki", "paramFormula": "SO2", "paramCode": "SO2", "idParam": 1}}], [{"id": 3265, "stationId": 471, "param": {"paramName": "dwutlenek siarki", "paramFormula": "SO2", "paramCode": "SO2", "idParam": 1}}, {"id": 3257, "stationId": 471, "param": {"paramName": "dwutlenek azotu", "paramFormula": "NO2", "paramCode": "NO2", "idParam": 6}}, {"id": 3259, "stationId": 471, "param": {"paramName": "ozon", "paramFormula": "O3", "paramCode": "O3", "idParam": 5}}, {"id": 20461, "stationId": 471, "param": {"paramName": "py\u0142 zawieszony PM10", "paramFormula": "PM10", "paramCode": "PM10", "idParam": 3}}, {"id": 14378, "stationId": 471, "param": {"paramName": "py\u0142 zawieszony PM2.5", "paramFormula": "PM2.5", "paramCode": "PM2.5", "idParam": 69}}], [{"id": 17225, "stationId": 485, "param": {"paramName": "py\u0142 zawieszony PM10", "paramFormula": "PM10", "paramCode": "PM10", "idParam": 3}}, {"id": 16044, "stationId": 485, "param": {"paramName": "py\u0142 zawieszony PM2.5", "paramFormula": "PM2.5", "paramCode": "PM2.5", "idParam": 69}}, {"id": 16045, "stationId": 485, "param": {"paramName": "benzen", "paramFormula": "C6H6", "paramCode": "C6H6", "idParam": 10}}, {"id": 16046, "stationId": 485, "param": {"paramName": "tlenek w\u0119gla", "paramFormula": "CO", "paramCode": "CO", "idParam": 8}}, {"id": 16048, "stationId": 485, "param": {"paramName": "dwutlenek azotu", "paramFormula": "NO2", "paramCode": "NO2", "idParam": 6}}, {"id": 16050, "stationId": 485, "param": {"paramName": "ozon", "paramFormula": "O3", "paramCode": "O3", "idParam": 5}}, {"id": 16051, "stationId": 485, "param": {"paramName": "dwutlenek siarki", "paramFormula": "SO2", "paramCode": "SO2", "idParam": 1}}], [{"id": 3348, "stationId": 488, "param": {"paramName": "dwutlenek siarki", "paramFormula": "SO2", "paramCode": "SO2", "idParam": 1}}, {"id": 20462, "stationId": 488, "param": {"paramName": "py\u0142 zawieszony PM10", "paramFormula": "PM10", "paramCode": "PM10", "idParam": 3}}, {"id": 14779, "stationId": 488, "param": {"paramName": "py\u0142 zawieszony PM2.5", "paramFormula": "PM2.5", "paramCode": "PM2.5", "idParam": 69}}, {"id": 14352, "stationId": 488, "param": {"paramName": "ozon", "paramFormula": "O3", "paramCode": "O3", "idParam": 5}}, {"id": 3339, "stationId": 488, "param": {"paramName": "dwutlenek azotu", "paramFormula": "NO2", "paramCode": "NO2", "idParam": 6}}], [{"id": 3526, "stationId": 517, "param": {"paramName": "py\u0142 zawieszony PM10", "paramFormula": "PM10", "paramCode": "PM10", "idParam": 3}}, {"id": 3528, "stationId": 517, "param": {"paramName": "py\u0142 zawieszony PM2.5", "paramFormula": "PM2.5", "paramCode": "PM2.5", "idParam": 69}}], [{"id": 3802, "stationId": 562, "param": {"paramName": "py\u0142 zawieszony PM10", "paramFormula": "PM10", "paramCode": "PM10", "idParam": 3}}, {"id": 14379, "stationId": 562, "param": {"paramName": "py\u0142 zawieszony PM2.5", "paramFormula": "PM2.5", "paramCode": "PM2.5", "idParam": 69}}], [{"id": 31757, "stationId": 9114, "param": {"paramName": "py\u0142 zawieszony PM10", "paramFormula": "PM10", "paramCode": "PM10", "idParam": 3}}], [{"id": 17276, "stationId": 9913, "param": {"paramName": "py\u0142 zawieszony PM10", "paramFormula": "PM10", "paramCode": "PM10", "idParam": 3}}, {"id": 16037, "stationId": 9913, "param": {"paramName": "dwutlenek azotu", "paramFormula": "NO2", "paramCode": "NO2", "idParam": 6}}, {"id": 16041, "stationId": 9913, "param": {"paramName": "ozon", "paramFormula": "O3", "paramCode": "O3", "idParam": 5}}, {"id": 16043, "stationId": 9913, "param": {"paramName": "dwutlenek siarki", "paramFormula": "SO2", "paramCode": "SO2", "idParam": 1}}, {"id": 25921, "stationId": 9913, "param": {"paramName": "py\u0142 zawieszony PM2.5", "paramFormula": "PM2.5", "paramCode": "PM2.5", "idParam": 69}}], [{"id": 20364, "stationId": 11358, "param": {"paramName": "benzen", "paramFormula": "C6H6", "paramCode": "C6H6", "idParam": 10}}, {"id": 20365, "stationId": 11358, "param": {"paramName": "dwutlenek siarki", "paramFormula": "SO2", "paramCode": "SO2", "idParam": 1}}, {"id": 28812, "stationId": 11358, "param": {"paramName": "py\u0142 zawieszony PM2.5", "paramFormula": "PM2.5", "paramCode": "PM2.5", "idParam": 69}}, {"id": 27292, "stationId": 11358, "param": {"paramName": "py\u0142 zawieszony PM10", "paramFormula": "PM10", "paramCode": "PM10", "idParam": 3}}], [{"id": 26261, "stationId": 16271, "param": {"paramName": "py\u0142 zawieszony PM2.5", "paramFormula": "PM2.5", "paramCode": "PM2.5", "idParam": 69}}, {"id": 26262, "stationId": 16271, "param": {"paramName": "py\u0142 zawieszony PM10", "paramFormula": "PM10", "paramCode": "PM10", "idParam": 3}}], [{"id": 20497, "stationId": 590, "param": {"paramName": "benzen", "paramFormula": "C6H6", "paramCode": "C6H6", "idParam": 10}}, {"id": 16149, "stationId": 590, "param": {"paramName": "dwutlenek siarki", "paramFormula": "SO2", "paramCode": "SO2", "idParam": 1}}, {"id": 16158, "stationId": 590, "param": {"paramName": "ozon", "paramFormula": "O3", "paramCode": "O3", "idParam": 5}}, {"id": 16160, "stationId": 590, "param": {"paramName": "dwutlenek azotu", "paramFormula": "NO2", "paramCode": "NO2", "idParam": 6}}, {"id": 28647, "stationId": 590, "param": {"paramName": "tlenek w\u0119gla", "paramFormula": "CO", "paramCode": "CO", "idParam": 8}}], [{"id": 16147, "stationId": 10374, "param": {"paramName": "py\u0142 zawieszony PM10", "paramFormula": "PM10", "paramCode": "PM10", "idParam": 3}}, {"id": 25986, "stationId": 10374, "param": {"paramName": "py\u0142 zawieszony PM2.5", "paramFormula": "PM2.5", "paramCode": "PM2.5", "idParam": 69}}], [{"id": 3834, "stationId": 568, "param": {"paramName": "benzen", "paramFormula": "C6H6", "paramCode": "C6H6", "idParam": 10}}, {"id": 3836, "stationId": 568, "param": {"paramName": "tlenek w\u0119gla", "paramFormula": "CO", "paramCode": "CO", "idParam": 8}}, {"id": 3839, "stationId": 568, "param": {"paramName": "dwutlenek azotu", "paramFormula": "NO2", "paramCode": "NO2", "idParam": 6}}, {"id": 3841, "stationId": 568, "param": {"paramName": "ozon", "paramFormula": "O3", "paramCode": "O3", "idParam": 5}}, {"id": 3843, "stationId": 568, "param": {"paramName": "py\u0142 zawieszony PM10", "paramFormula": "PM10", "paramCode": "PM10", "idParam": 3}}, {"id": 3844, "stationId": 568, "param": {"paramName": "py\u0142 zawieszony PM2.5", "paramFormula": "PM2.5", "paramCode": "PM2.5", "idParam": 69}}, {"id": 3847, "stationId": 568, "param": {"paramName": "dwutlenek siarki", "paramFormula": "SO2", "paramCode": "SO2", "idParam": 1}}], [{"id": 3902, "stationId": 584, "param": {"paramName": "py\u0142 zawieszony PM10", "paramFormula": "PM10", "paramCode": "PM10", "idParam": 3}}, {"id": 14781, "stationId": 584, "param": {"paramName": "ozon", "paramFormula": "O3", "paramCode": "O3", "idParam": 5}}, {"id": 21351, "stationId": 584, "param": {"paramName": "dwutlenek azotu", "paramFormula": "NO2", "paramCode": "NO2", "idParam": 6}}], [{"id": 3964, "stationId": 600, "param": {"paramName": "benzen", "paramFormula": "C6H6", "paramCode": "C6H6", "idParam": 10}}, {"id": 3970, "stationId": 600, "param": {"paramName": "py\u0142 zawieszony PM10", "paramFormula": "PM10", "paramCode": "PM10", "idParam": 3}}], [{"id": 21683, "stationId": 8976, "param": {"paramName": "py\u0142 zawieszony PM10", "paramFormula": "PM10", "paramCode": "PM10", "idParam": 3}}], [{"id": 26926, "stationId": 10018, "param": {"paramName": "py\u0142 zawieszony PM10", "paramFormula": "PM10", "paramCode": "PM10", "idParam": 3}}], [], [{"id": 27816, "stationId": 16913, "param": {"paramName": "py\u0142 zawieszony PM10", "paramFormula": "PM10", "paramCode": "PM10", "idParam": 3}}], [{"id": 14466, "stationId": 671, "param": {"paramName": "py\u0142 zawieszony PM10", "paramFormula": "PM10", "paramCode": "PM10", "idParam": 3}}, {"id": 4376, "stationId": 671, "param": {"paramName": "benzen", "paramFormula": "C6H6", "paramCode": "C6H6", "idParam": 10}}, {"id": 4383, "stationId": 671, "param": {"paramName": "dwutlenek azotu", "paramFormula": "NO2", "paramCode": "NO2", "idParam": 6}}, {"id": 4385, "stationId": 671, "param": {"paramName": "ozon", "paramFormula": "O3", "paramCode": "O3", "idParam": 5}}, {"id": 4391, "stationId": 671, "param": {"paramName": "dwutlenek siarki", "paramFormula": "SO2", "paramCode": "SO2", "idParam": 1}}], [{"id": 20277, "stationId": 10125, "param": {"paramName": "py\u0142 zawieszony PM2.5", "paramFormula": "PM2.5", "paramCode": "PM2.5", "idParam": 69}}, {"id": 16319, "stationId": 10125, "param": {"paramName": "dwutlenek azotu", "paramFormula": "NO2", "paramCode": "NO2", "idParam": 6}}, {"id": 16343, "stationId": 10125, "param": {"paramName": "tlenek w\u0119gla", "paramFormula": "CO", "paramCode": "CO", "idParam": 8}}, {"id": 16344, "stationId": 10125, "param": {"paramName": "py\u0142 zawieszony PM10", "paramFormula": "PM10", "paramCode": "PM10", "idParam": 3}}], [{"id": 28488, "stationId": 17179, "param": {"paramName": "py\u0142 zawieszony PM10", "paramFormula": "PM10", "paramCode": "PM10", "idParam": 3}}, {"id": 28489, "stationId": 17179, "param": {"paramName": "py\u0142 zawieszony PM2.5", "paramFormula": "PM2.5", "paramCode": "PM2.5", "idParam": 69}}], [{"id": 31415, "stationId": 20201, "param": {"paramName": "py\u0142 zawieszony PM10", "paramFormula": "PM10", "paramCode": "PM10", "idParam": 3}}, {"id": 31416, "stationId": 20201, "param": {"paramName": "py\u0142 zawieszony PM2.5", "paramFormula": "PM2.5", "paramCode": "PM2.5", "idParam": 69}}], [{"id": 20236, "stationId": 631, "param": {"paramName": "py\u0142 zawieszony PM10", "paramFormula": "PM10", "paramCode": "PM10", "idParam": 3}}, {"id": 20218, "stationId": 631, "param": {"paramName": "py\u0142 zawieszony PM2.5", "paramFormula": "PM2.5", "paramCode": "PM2.5", "idParam": 69}}], [{"id": 4192, "stationId": 638, "param": {"paramName": "dwutlenek azotu", "paramFormula": "NO2", "paramCode": "NO2", "idParam": 6}}, {"id": 4194, "stationId": 638, "param": {"paramName": "ozon", "paramFormula": "O3", "paramCode": "O3", "idParam": 5}}, {"id": 4196, "stationId": 638, "param": {"paramName": "py\u0142 zawieszony PM10", "paramFormula": "PM10", "paramCode": "PM10", "idParam": 3}}, {"id": 4198, "stationId": 638, "param": {"paramName": "py\u0142 zawieszony PM2.5", "paramFormula": "PM2.5", "paramCode": "PM2.5", "idParam": 69}}], [{"id": 26986, "stationId": 646, "param": {"paramName": "py\u0142 zawieszony PM2.5", "paramFormula": "PM2.5", "paramCode": "PM2.5", "idParam": 69}}, {"id": 21905, "stationId": 646, "param": {"paramName": "py\u0142 zawieszony PM10", "paramFormula": "PM10", "paramCode": "PM10", "idParam": 3}}], [{"id": 14448, "stationId": 659, "param": {"paramName": "ozon", "paramFormula": "O3", "paramCode": "O3", "idParam": 5}}, {"id": 4274, "stationId": 659, "param": {"paramName": "tlenek w\u0119gla", "paramFormula": "CO", "paramCode": "CO", "idParam": 8}}, {"id": 4278, "stationId": 659, "param": {"paramName": "dwutlenek azotu", "paramFormula": "NO2", "paramCode": "NO2", "idParam": 6}}, {"id": 14416, "stationId": 659, "param": {"paramName": "py\u0142 zawieszony PM10", "paramFormula": "PM10", "paramCode": "PM10", "idParam": 3}}, {"id": 25910, "stationId": 659, "param": {"paramName": "py\u0142 zawieszony PM2.5", "paramFormula": "PM2.5", "paramCode": "PM2.5", "idParam": 69}}], [{"id": 4333, "stationId": 665, "param": {"paramName": "dwutlenek azotu", "paramFormula": "NO2", "paramCode": "NO2", "idParam": 6}}, {"id": 4336, "stationId": 665, "param": {"paramName": "py\u0142 zawieszony PM10", "paramFormula": "PM10", "paramCode": "PM10", "idParam": 3}}, {"id": 4338, "stationId": 665, "param": {"paramName": "py\u0142 zawieszony PM2.5", "paramFormula": "PM2.5", "paramCode": "PM2.5", "idParam": 69}}, {"id": 4339, "stationId": 665, "param": {"paramName": "dwutlenek siarki", "paramFormula": "SO2", "paramCode": "SO2", "idParam": 1}}, {"id": 14771, "stationId": 665, "param": {"paramName": "benzen", "paramFormula": "C6H6", "paramCode": "C6H6", "idParam": 10}}, {"id": 14772, "stationId": 665, "param": {"paramName": "ozon", "paramFormula": "O3", "paramCode": "O3", "idParam": 5}}], [{"id": 26987, "stationId": 678, "param": {"paramName": "py\u0142 zawieszony PM10", "paramFormula": "PM10", "paramCode": "PM10", "idParam": 3}}], [{"id": 26989, "stationId": 684, "param": {"paramName": "py\u0142 zawieszony PM10", "paramFormula": "PM10", "paramCode": "PM10", "idParam": 3}}], [{"id": 20324, "stationId": 9173, "param": {"paramName": "py\u0142 zawieszony PM10", "paramFormula": "PM10", "paramCode": "PM10", "idParam": 3}}, {"id": 20325, "stationId": 9173, "param": {"paramName": "py\u0142 zawieszony PM2.5", "paramFormula": "PM2.5", "paramCode": "PM2.5", "idParam": 69}}], [{"id": 14751, "stationId": 9175, "param": {"paramName": "dwutlenek siarki", "paramFormula": "SO2", "paramCode": "SO2", "idParam": 1}}, {"id": 14753, "stationId": 9175, "param": {"paramName": "dwutlenek azotu", "paramFormula": "NO2", "paramCode": "NO2", "idParam": 6}}, {"id": 14756, "stationId": 9175, "param": {"paramName": "ozon", "paramFormula": "O3", "paramCode": "O3", "idParam": 5}}], [{"id": 17184, "stationId": 10414, "param": {"paramName": "py\u0142 zawieszony PM10", "paramFormula": "PM10", "paramCode": "PM10", "idParam": 3}}, {"id": 17185, "stationId": 10414, "param": {"paramName": "py\u0142 zawieszony PM2.5", "paramFormula": "PM2.5", "paramCode": "PM2.5", "idParam": 69}}], [{"id": 17266, "stationId": 10438, "param": {"paramName": "dwutlenek azotu", "paramFormula": "NO2", "paramCode": "NO2", "idParam": 6}}, {"id": 17269, "stationId": 10438, "param": {"paramName": "ozon", "paramFormula": "O3", "paramCode": "O3", "idParam": 5}}, {"id": 17270, "stationId": 10438, "param": {"paramName": "benzen", "paramFormula": "C6H6", "paramCode": "C6H6", "idParam": 10}}, {"id": 17271, "stationId": 10438, "param": {"paramName": "py\u0142 zawieszony PM10", "paramFormula": "PM10", "paramCode": "PM10", "idParam": 3}}, {"id": 17272, "stationId": 10438, "param": {"paramName": "py\u0142 zawieszony PM2.5", "paramFormula": "PM2.5", "paramCode": "PM2.5", "idParam": 69}}], [{"id": 31411, "stationId": 20200, "param": {"paramName": "py\u0142 zawieszony PM10", "paramFormula": "PM10", "paramCode": "PM10", "idParam": 3}}, {"id": 31412, "stationId": 20200, "param": {"paramName": "py\u0142 zawieszony PM2.5", "paramFormula": "PM2.5", "paramCode": "PM2.5", "idParam": 69}}], [{"id": 4024, "stationId": 609, "param": {"paramName": "py\u0142 zawieszony PM10", "paramFormula": "PM10", "paramCode": "PM10", "idParam": 3}}], [{"id": 19716, "stationId": 11174, "param": {"paramName": "dwutlenek siarki", "paramFormula": "SO2", "paramCode": "SO2", "idParam": 1}}, {"id": 19718, "stationId": 11174, "param": {"paramName": "ozon", "paramFormula": "O3", "paramCode": "O3", "idParam": 5}}, {"id": 19719, "stationId": 11174, "param": {"paramName": "dwutlenek azotu", "paramFormula": "NO2", "paramCode": "NO2", "idParam": 6}}, {"id": 25908, "stationId": 11174, "param": {"paramName": "py\u0142 zawieszony PM10", "paramFormula": "PM10", "paramCode": "PM10", "idParam": 3}}, {"id": 25909, "stationId": 11174, "param": {"paramName": "py\u0142 zawieszony PM2.5", "paramFormula": "PM2.5", "paramCode": "PM2.5", "idParam": 69}}], [{"id": 21223, "stationId": 11814, "param": {"paramName": "benzen", "paramFormula": "C6H6", "paramCode": "C6H6", "idParam": 10}}, {"id": 28731, "stationId": 11814, "param": {"paramName": "tlenek w\u0119gla", "paramFormula": "CO", "paramCode": "CO", "idParam": 8}}, {"id": 26323, "stationId": 11814, "param": {"paramName": "py\u0142 zawieszony PM2.5", "paramFormula": "PM2.5", "paramCode": "PM2.5", "idParam": 69}}, {"id": 21243, "stationId": 11814, "param": {"paramName": "py\u0142 zawieszony PM10", "paramFormula": "PM10", "paramCode": "PM10", "idParam": 3}}, {"id": 21244, "stationId": 11814, "param": {"paramName": "dwutlenek azotu", "paramFormula": "NO2", "paramCode": "NO2", "idParam": 6}}], [{"id": 29390, "stationId": 17658, "param": {"paramName": "py\u0142 zawieszony PM2.5", "paramFormula": "PM2.5", "paramCode": "PM2.5", "idParam": 69}}], [{"id": 4040, "stationId": 612, "param": {"paramName": "dwutlenek azotu", "paramFormula": "NO2", "paramCode": "NO2", "idParam": 6}}, {"id": 4042, "stationId": 612, "param": {"paramName": "ozon", "paramFormula": "O3", "paramCode": "O3", "idParam": 5}}, {"id": 4045, "stationId": 612, "param": {"paramName": "dwutlenek siarki", "paramFormula": "SO2", "paramCode": "SO2", "idParam": 1}}, {"id": 19657, "stationId": 612, "param": {"paramName": "py\u0142 zawieszony PM10", "paramFormula": "PM10", "paramCode": "PM10", "idParam": 3}}, {"id": 19696, "stationId": 612, "param": {"paramName": "py\u0142 zawieszony PM2.5", "paramFormula": "PM2.5", "paramCode": "PM2.5", "idParam": 69}}], [{"id": 4075, "stationId": 618, "param": {"paramName": "dwutlenek azotu", "paramFormula": "NO2", "paramCode": "NO2", "idParam": 6}}, {"id": 4079, "stationId": 618, "param": {"paramName": "py\u0142 zawieszony PM10", "paramFormula": "PM10", "paramCode": "PM10", "idParam": 3}}, {"id": 4082, "stationId": 618, "param": {"paramName": "dwutlenek siarki", "paramFormula": "SO2", "paramCode": "SO2", "idParam": 1}}, {"id": 29391, "stationId": 618, "param": {"paramName": "benzen", "paramFormula": "C6H6", "paramCode": "C6H6", "idParam": 10}}], [{"id": 19697, "stationId": 11154, "param": {"paramName": "py\u0142 zawieszony PM2.5", "paramFormula": "PM2.5", "paramCode": "PM2.5", "idParam": 69}}], [{"id": 21345, "stationId": 11916, "param": {"paramName": "dwutlenek azotu", "paramFormula": "NO2", "paramCode": "NO2", "idParam": 6}}, {"id": 21348, "stationId": 11916, "param": {"paramName": "tlenek w\u0119gla", "paramFormula": "CO", "paramCode": "CO", "idParam": 8}}, {"id": 21349, "stationId": 11916, "param": {"paramName": "ozon", "paramFormula": "O3", "paramCode": "O3", "idParam": 5}}, {"id": 21323, "stationId": 11916, "param": {"paramName": "py\u0142 zawieszony PM10", "paramFormula": "PM10", "paramCode": "PM10", "idParam": 3}}, {"id": 21324, "stationId": 11916, "param": {"paramName": "py\u0142 zawieszony PM2.5", "paramFormula": "PM2.5", "paramCode": "PM2.5", "idParam": 69}}], [{"id": 31331, "stationId": 20140, "param": {"paramName": "py\u0142 zawieszony PM2.5", "paramFormula": "PM2.5", "paramCode": "PM2.5", "idParam": 69}}, {"id": 31335, "stationId": 20140, "param": {"paramName": "py\u0142 zawieszony PM10", "paramFormula": "PM10", "paramCode": "PM10", "idParam": 3}}], [{"id": 4703, "stationId": 731, "param": {"paramName": "dwutlenek azotu", "paramFormula": "NO2", "paramCode": "NO2", "idParam": 6}}, {"id": 4706, "stationId": 731, "param": {"paramName": "py\u0142 zawieszony PM10", "paramFormula": "PM10", "paramCode": "PM10", "idParam": 3}}, {"id": 4707, "stationId": 731, "param": {"paramName": "dwutlenek siarki", "paramFormula": "SO2", "paramCode": "SO2", "idParam": 1}}, {"id": 27667, "stationId": 731, "param": {"paramName": "py\u0142 zawieszony PM2.5", "paramFormula": "PM2.5", "paramCode": "PM2.5", "idParam": 69}}], [{"id": 4712, "stationId": 732, "param": {"paramName": "dwutlenek azotu", "paramFormula": "NO2", "paramCode": "NO2", "idParam": 6}}, {"id": 4714, "stationId": 732, "param": {"paramName": "ozon", "paramFormula": "O3", "paramCode": "O3", "idParam": 5}}, {"id": 4715, "stationId": 732, "param": {"paramName": "py\u0142 zawieszony PM10", "paramFormula": "PM10", "paramCode": "PM10", "idParam": 3}}, {"id": 4717, "stationId": 732, "param": {"paramName": "dwutlenek siarki", "paramFormula": "SO2", "paramCode": "SO2", "idParam": 1}}, {"id": 27567, "stationId": 732, "param": {"paramName": "py\u0142 zawieszony PM2.5", "paramFormula": "PM2.5", "paramCode": "PM2.5", "idParam": 69}}], [{"id": 4755, "stationId": 736, "param": {"paramName": "tlenek w\u0119gla", "paramFormula": "CO", "paramCode": "CO", "idParam": 8}}, {"id": 4758, "stationId": 736, "param": {"paramName": "dwutlenek azotu", "paramFormula": "NO2", "paramCode": "NO2", "idParam": 6}}, {"id": 4760, "stationId": 736, "param": {"paramName": "ozon", "paramFormula": "O3", "paramCode": "O3", "idParam": 5}}, {"id": 4761, "stationId": 736, "param": {"paramName": "py\u0142 zawieszony PM10", "paramFormula": "PM10", "paramCode": "PM10", "idParam": 3}}, {"id": 4762, "stationId": 736, "param": {"paramName": "py\u0142 zawieszony PM2.5", "paramFormula": "PM2.5", "paramCode": "PM2.5", "idParam": 69}}, {"id": 4764, "stationId": 736, "param": {"paramName": "dwutlenek siarki", "paramFormula": "SO2", "paramCode": "SO2", "idParam": 1}}, {"id": 28378, "stationId": 736, "param": {"paramName": "benzen", "paramFormula": "C6H6", "paramCode": "C6H6", "idParam": 10}}], [{"id": 26174, "stationId": 16180, "param": {"paramName": "dwutlenek azotu", "paramFormula": "NO2", "paramCode": "NO2", "idParam": 6}}, {"id": 26172, "stationId": 16180, "param": {"paramName": "py\u0142 zawieszony PM2.5", "paramFormula": "PM2.5", "paramCode": "PM2.5", "idParam": 69}}, {"id": 26171, "stationId": 16180, "param": {"paramName": "py\u0142 zawieszony PM10", "paramFormula": "PM10", "paramCode": "PM10", "idParam": 3}}], [{"id": 26212, "stationId": 16242, "param": {"paramName": "dwutlenek azotu", "paramFormula": "NO2", "paramCode": "NO2", "idParam": 6}}, {"id": 26219, "stationId": 16242, "param": {"paramName": "py\u0142 zawieszony PM10", "paramFormula": "PM10", "paramCode": "PM10", "idParam": 3}}, {"id": 26221, "stationId": 16242, "param": {"paramName": "py\u0142 zawieszony PM2.5", "paramFormula": "PM2.5", "paramCode": "PM2.5", "idParam": 69}}], [{"id": 4817, "stationId": 740, "param": {"paramName": "py\u0142 zawieszony PM10", "paramFormula": "PM10", "paramCode": "PM10", "idParam": 3}}, {"id": 4819, "stationId": 740, "param": {"paramName": "py\u0142 zawieszony PM2.5", "paramFormula": "PM2.5", "paramCode": "PM2.5", "idParam": 69}}, {"id": 16057, "stationId": 740, "param": {"paramName": "benzen", "paramFormula": "C6H6", "paramCode": "C6H6", "idParam": 10}}], [{"id": 4834, "stationId": 741, "param": {"paramName": "tlenek w\u0119gla", "paramFormula": "CO", "paramCode": "CO", "idParam": 8}}, {"id": 4840, "stationId": 741, "param": {"paramName": "dwutlenek azotu", "paramFormula": "NO2", "paramCode": "NO2", "idParam": 6}}, {"id": 4842, "stationId": 741, "param": {"paramName": "ozon", "paramFormula": "O3", "paramCode": "O3", "idParam": 5}}, {"id": 4845, "stationId": 741, "param": {"paramName": "py\u0142 zawieszony PM10", "paramFormula": "PM10", "paramCode": "PM10", "idParam": 3}}], [{"id": 4866, "stationId": 742, "param": {"paramName": "dwutlenek azotu", "paramFormula": "NO2", "paramCode": "NO2", "idParam": 6}}, {"id": 4868, "stationId": 742, "param": {"paramName": "ozon", "paramFormula": "O3", "paramCode": "O3", "idParam": 5}}], [{"id": 4891, "stationId": 743, "param": {"paramName": "dwutlenek azotu", "paramFormula": "NO2", "paramCode": "NO2", "idParam": 6}}, {"id": 4893, "stationId": 743, "param": {"paramName": "ozon", "paramFormula": "O3", "paramCode": "O3", "idParam": 5}}, {"id": 4898, "stationId": 743, "param": {"paramName": "dwutlenek siarki", "paramFormula": "SO2", "paramCode": "SO2", "idParam": 1}}], [{"id": 4959, "stationId": 750, "param": {"paramName": "ozon", "paramFormula": "O3", "paramCode": "O3", "idParam": 5}}], [{"id": 29691, "stationId": 16270, "param": {"paramName": "py\u0142 zawieszony PM2.5", "paramFormula": "PM2.5", "paramCode": "PM2.5", "idParam": 69}}, {"id": 26269, "stationId": 16270, "param": {"paramName": "py\u0142 zawieszony PM10", "paramFormula": "PM10", "paramCode": "PM10", "idParam": 3}}], [{"id": 5312, "stationId": 809, "param": {"paramName": "py\u0142 zawieszony PM10", "paramFormula": "PM10", "paramCode": "PM10", "idParam": 3}}, {"id": 21327, "stationId": 809, "param": {"paramName": "benzen", "paramFormula": "C6H6", "paramCode": "C6H6", "idParam": 10}}], [{"id": 5343, "stationId": 813, "param": {"paramName": "tlenek w\u0119gla", "paramFormula": "CO", "paramCode": "CO", "idParam": 8}}, {"id": 5346, "stationId": 813, "param": {"paramName": "dwutlenek azotu", "paramFormula": "NO2", "paramCode": "NO2", "idParam": 6}}, {"id": 5349, "stationId": 813, "param": {"paramName": "py\u0142 zawieszony PM10", "paramFormula": "PM10", "paramCode": "PM10", "idParam": 3}}, {"id": 25931, "stationId": 813, "param": {"paramName": "py\u0142 zawieszony PM2.5", "paramFormula": "PM2.5", "paramCode": "PM2.5", "idParam": 69}}], [{"id": 5371, "stationId": 814, "param": {"paramName": "dwutlenek azotu", "paramFormula": "NO2", "paramCode": "NO2", "idParam": 6}}, {"id": 5373, "stationId": 814, "param": {"paramName": "ozon", "paramFormula": "O3", "paramCode": "O3", "idParam": 5}}, {"id": 5376, "stationId": 814, "param": {"paramName": "py\u0142 zawieszony PM10", "paramFormula": "PM10", "paramCode": "PM10", "idParam": 3}}, {"id": 5378, "stationId": 814, "param": {"paramName": "py\u0142 zawieszony PM2.5", "paramFormula": "PM2.5", "paramCode": "PM2.5", "idParam": 69}}, {"id": 5382, "stationId": 814, "param": {"paramName": "dwutlenek siarki", "paramFormula": "SO2", "paramCode": "SO2", "idParam": 1}}], [{"id": 5478, "stationId": 837, "param": {"paramName": "dwutlenek azotu", "paramFormula": "NO2", "paramCode": "NO2", "idParam": 6}}, {"id": 5480, "stationId": 837, "param": {"paramName": "py\u0142 zawieszony PM10", "paramFormula": "PM10", "paramCode": "PM10", "idParam": 3}}], [{"id": 5501, "stationId": 841, "param": {"paramName": "dwutlenek azotu", "paramFormula": "NO2", "paramCode": "NO2", "idParam": 6}}, {"id": 5505, "stationId": 841, "param": {"paramName": "py\u0142 zawieszony PM10", "paramFormula": "PM10", "paramCode": "PM10", "idParam": 3}}, {"id": 5508, "stationId": 841, "param": {"paramName": "dwutlenek siarki", "paramFormula": "SO2", "paramCode": "SO2", "idParam": 1}}], [{"id": 29672, "stationId": 17880, "param": {"paramName": "dwutlenek siarki", "paramFormula": "SO2", "paramCode": "SO2", "idParam": 1}}, {"id": 29671, "stationId": 17880, "param": {"paramName": "py\u0142 zawieszony PM10", "paramFormula": "PM10", "paramCode": "PM10", "idParam": 3}}, {"id": 29676, "stationId": 17880, "param": {"paramName": "ozon", "paramFormula": "O3", "paramCode": "O3", "idParam": 5}}, {"id": 29677, "stationId": 17880, "param": {"paramName": "tlenek w\u0119gla", "paramFormula": "CO", "paramCode": "CO", "idParam": 8}}, {"id": 29680, "stationId": 17880, "param": {"paramName": "dwutlenek azotu", "paramFormula": "NO2", "paramCode": "NO2", "idParam": 6}}], [{"id": 5454, "stationId": 834, "param": {"paramName": "benzen", "paramFormula": "C6H6", "paramCode": "C6H6", "idParam": 10}}, {"id": 5457, "stationId": 834, "param": {"paramName": "tlenek w\u0119gla", "paramFormula": "CO", "paramCode": "CO", "idParam": 8}}, {"id": 5461, "stationId": 834, "param": {"paramName": "dwutlenek azotu", "paramFormula": "NO2", "paramCode": "NO2", "idParam": 6}}, {"id": 5463, "stationId": 834, "param": {"paramName": "ozon", "paramFormula": "O3", "paramCode": "O3", "idParam": 5}}, {"id": 5466, "stationId": 834, "param": {"paramName": "py\u0142 zawieszony PM10", "paramFormula": "PM10", "paramCode": "PM10", "idParam": 3}}, {"id": 5470, "stationId": 834, "param": {"paramName": "dwutlenek siarki", "paramFormula": "SO2", "paramCode": "SO2", "idParam": 1}}], [{"id": 21228, "stationId": 11855, "param": {"paramName": "py\u0142 zawieszony PM2.5", "paramFormula": "PM2.5", "paramCode": "PM2.5", "idParam": 69}}, {"id": 21252, "stationId": 11855, "param": {"paramName": "dwutlenek azotu", "paramFormula": "NO2", "paramCode": "NO2", "idParam": 6}}, {"id": 31537, "stationId": 11855, "param": {"paramName": "py\u0142 zawieszony PM10", "paramFormula": "PM10", "paramCode": "PM10", "idParam": 3}}], [{"id": 5162, "stationId": 789, "param": {"paramName": "dwutlenek azotu", "paramFormula": "NO2", "paramCode": "NO2", "idParam": 6}}, {"id": 5164, "stationId": 789, "param": {"paramName": "ozon", "paramFormula": "O3", "paramCode": "O3", "idParam": 5}}, {"id": 5167, "stationId": 789, "param": {"paramName": "py\u0142 zawieszony PM10", "paramFormula": "PM10", "paramCode": "PM10", "idParam": 3}}, {"id": 5171, "stationId": 789, "param": {"paramName": "dwutlenek siarki", "paramFormula": "SO2", "paramCode": "SO2", "idParam": 1}}, {"id": 16705, "stationId": 789, "param": {"paramName": "benzen", "paramFormula": "C6H6", "paramCode": "C6H6", "idParam": 10}}], [{"id": 16549, "stationId": 10158, "param": {"paramName": "dwutlenek azotu", "paramFormula": "NO2", "paramCode": "NO2", "idParam": 6}}, {"id": 16550, "stationId": 10158, "param": {"paramName": "tlenek w\u0119gla", "paramFormula": "CO", "paramCode": "CO", "idParam": 8}}, {"id": 16551, "stationId": 10158, "param": {"paramName": "py\u0142 zawieszony PM2.5", "paramFormula": "PM2.5", "paramCode": "PM2.5", "idParam": 69}}], [{"id": 5228, "stationId": 798, "param": {"paramName": "tlenek w\u0119gla", "paramFormula": "CO", "paramCode": "CO", "idParam": 8}}, {"id": 5230, "stationId": 798, "param": {"paramName": "dwutlenek azotu", "paramFormula": "NO2", "paramCode": "NO2", "idParam": 6}}, {"id": 5232, "stationId": 798, "param": {"paramName": "py\u0142 zawieszony PM10", "paramFormula": "PM10", "paramCode": "PM10", "idParam": 3}}], [{"id": 5250, "stationId": 800, "param": {"paramName": "dwutlenek azotu", "paramFormula": "NO2", "paramCode": "NO2", "idParam": 6}}, {"id": 5253, "stationId": 800, "param": {"paramName": "ozon", "paramFormula": "O3", "paramCode": "O3", "idParam": 5}}, {"id": 5256, "stationId": 800, "param": {"paramName": "py\u0142 zawieszony PM10", "paramFormula": "PM10", "paramCode": "PM10", "idParam": 3}}, {"id": 5260, "stationId": 800, "param": {"paramName": "dwutlenek siarki", "paramFormula": "SO2", "paramCode": "SO2", "idParam": 1}}, {"id": 14913, "stationId": 800, "param": {"paramName": "benzen", "paramFormula": "C6H6", "paramCode": "C6H6", "idParam": 10}}], [{"id": 5512, "stationId": 842, "param": {"paramName": "dwutlenek azotu", "paramFormula": "NO2", "paramCode": "NO2", "idParam": 6}}, {"id": 5514, "stationId": 842, "param": {"paramName": "ozon", "paramFormula": "O3", "paramCode": "O3", "idParam": 5}}, {"id": 5515, "stationId": 842, "param": {"paramName": "py\u0142 zawieszony PM10", "paramFormula": "PM10", "paramCode": "PM10", "idParam": 3}}, {"id": 5516, "stationId": 842, "param": {"paramName": "dwutlenek siarki", "paramFormula": "SO2", "paramCode": "SO2", "idParam": 1}}], [{"id": 5550, "stationId": 845, "param": {"paramName": "dwutlenek siarki", "paramFormula": "SO2", "paramCode": "SO2", "idParam": 1}}, {"id": 5540, "stationId": 845, "param": {"paramName": "tlenek w\u0119gla", "paramFormula": "CO", "paramCode": "CO", "idParam": 8}}, {"id": 5543, "stationId": 845, "param": {"paramName": "dwutlenek azotu", "paramFormula": "NO2", "paramCode": "NO2", "idParam": 6}}, {"id": 5545, "stationId": 845, "param": {"paramName": "ozon", "paramFormula": "O3", "paramCode": "O3", "idParam": 5}}, {"id": 5547, "stationId": 845, "param": {"paramName": "py\u0142 zawieszony PM10", "paramFormula": "PM10", "paramCode": "PM10", "idParam": 3}}], [{"id": 5600, "stationId": 853, "param": {"paramName": "benzen", "paramFormula": "C6H6", "paramCode": "C6H6", "idParam": 10}}, {"id": 5612, "stationId": 853, "param": {"paramName": "dwutlenek azotu", "paramFormula": "NO2", "paramCode": "NO2", "idParam": 6}}, {"id": 5615, "stationId": 853, "param": {"paramName": "ozon", "paramFormula": "O3", "paramCode": "O3", "idParam": 5}}, {"id": 5618, "stationId": 853, "param": {"paramName": "py\u0142 zawieszony PM10", "paramFormula": "PM10", "paramCode": "PM10", "idParam": 3}}, {"id": 5619, "stationId": 853, "param": {"paramName": "py\u0142 zawieszony PM2.5", "paramFormula": "PM2.5", "paramCode": "PM2.5", "idParam": 69}}, {"id": 5623, "stationId": 853, "param": {"paramName": "dwutlenek siarki", "paramFormula": "SO2", "paramCode": "SO2", "idParam": 1}}], [{"id": 14915, "stationId": 856, "param": {"paramName": "dwutlenek siarki", "paramFormula": "SO2", "paramCode": "SO2", "idParam": 1}}, {"id": 14916, "stationId": 856, "param": {"paramName": "py\u0142 zawieszony PM10", "paramFormula": "PM10", "paramCode": "PM10", "idParam": 3}}, {"id": 14917, "stationId": 856, "param": {"paramName": "dwutlenek azotu", "paramFormula": "NO2", "paramCode": "NO2", "idParam": 6}}, {"id": 28810, "stationId": 856, "param": {"paramName": "py\u0142 zawieszony PM2.5", "paramFormula": "PM2.5", "paramCode": "PM2.5", "idParam": 69}}, {"id": 21329, "stationId": 856, "param": {"paramName": "benzen", "paramFormula": "C6H6", "paramCode": "C6H6", "idParam": 10}}], [{"id": 21303, "stationId": 11278, "param": {"paramName": "dwutlenek siarki", "paramFormula": "SO2", "paramCode": "SO2", "idParam": 1}}, {"id": 20220, "stationId": 11278, "param": {"paramName": "py\u0142 zawieszony PM10", "paramFormula": "PM10", "paramCode": "PM10", "idParam": 3}}, {"id": 21328, "stationId": 11278, "param": {"paramName": "benzen", "paramFormula": "C6H6", "paramCode": "C6H6", "idParam": 10}}], [{"id": 20661, "stationId": 11455, "param": {"paramName": "py\u0142 zawieszony PM10", "paramFormula": "PM10", "paramCode": "PM10", "idParam": 3}}], [{"id": 21083, "stationId": 11457, "param": {"paramName": "py\u0142 zawieszony PM2.5", "paramFormula": "PM2.5", "paramCode": "PM2.5", "idParam": 69}}, {"id": 20679, "stationId": 11457, "param": {"paramName": "dwutlenek azotu", "paramFormula": "NO2", "paramCode": "NO2", "idParam": 6}}, {"id": 20681, "stationId": 11457, "param": {"paramName": "py\u0142 zawieszony PM10", "paramFormula": "PM10", "paramCode": "PM10", "idParam": 3}}, {"id": 20684, "stationId": 11457, "param": {"paramName": "ozon", "paramFormula": "O3", "paramCode": "O3", "idParam": 5}}, {"id": 20685, "stationId": 11457, "param": {"paramName": "benzen", "paramFormula": "C6H6", "paramCode": "C6H6", "idParam": 10}}], [{"id": 21128, "stationId": 11794, "param": {"paramName": "dwutlenek siarki", "paramFormula": "SO2", "paramCode": "SO2", "idParam": 1}}, {"id": 21129, "stationId": 11794, "param": {"paramName": "py\u0142 zawieszony PM10", "paramFormula": "PM10", "paramCode": "PM10", "idParam": 3}}, {"id": 21130, "stationId": 11794, "param": {"paramName": "py\u0142 zawieszony PM2.5", "paramFormula": "PM2.5", "paramCode": "PM2.5", "idParam": 69}}], [{"id": 26885, "stationId": 16406, "param": {"paramName": "py\u0142 zawieszony PM10", "paramFormula": "PM10", "paramCode": "PM10", "idParam": 3}}], [{"id": 19745, "stationId": 11195, "param": {"paramName": "dwutlenek azotu", "paramFormula": "NO2", "paramCode": "NO2", "idParam": 6}}, {"id": 19747, "stationId": 11195, "param": {"paramName": "ozon", "paramFormula": "O3", "paramCode": "O3", "idParam": 5}}, {"id": 19749, "stationId": 11195, "param": {"paramName": "py\u0142 zawieszony PM10", "paramFormula": "PM10", "paramCode": "PM10", "idParam": 3}}, {"id": 19753, "stationId": 11195, "param": {"paramName": "py\u0142 zawieszony PM2.5", "paramFormula": "PM2.5", "paramCode": "PM2.5", "idParam": 69}}, {"id": 19756, "stationId": 11195, "param": {"paramName": "dwutlenek siarki", "paramFormula": "SO2", "paramCode": "SO2", "idParam": 1}}], [{"id": 26008, "stationId": 16196, "param": {"paramName": "dwutlenek azotu", "paramFormula": "NO2", "paramCode": "NO2", "idParam": 6}}, {"id": 26010, "stationId": 16196, "param": {"paramName": "py\u0142 zawieszony PM10", "paramFormula": "PM10", "paramCode": "PM10", "idParam": 3}}], [{"id": 27027, "stationId": 16497, "param": {"paramName": "py\u0142 zawieszony PM10", "paramFormula": "PM10", "paramCode": "PM10", "idParam": 3}}], [{"id": 5083, "stationId": 769, "param": {"paramName": "dwutlenek azotu", "paramFormula": "NO2", "paramCode": "NO2", "idParam": 6}}, {"id": 5085, "stationId": 769, "param": {"paramName": "py\u0142 zawieszony PM10", "paramFormula": "PM10", "paramCode": "PM10", "idParam": 3}}, {"id": 14878, "stationId": 769, "param": {"paramName": "ozon", "paramFormula": "O3", "paramCode": "O3", "idParam": 5}}], [{"id": 5112, "stationId": 778, "param": {"paramName": "dwutlenek azotu", "paramFormula": "NO2", "paramCode": "NO2", "idParam": 6}}, {"id": 5115, "stationId": 778, "param": {"paramName": "py\u0142 zawieszony PM10", "paramFormula": "PM10", "paramCode": "PM10", "idParam": 3}}, {"id": 5116, "stationId": 778, "param": {"paramName": "py\u0142 zawieszony PM2.5", "paramFormula": "PM2.5", "paramCode": "PM2.5", "idParam": 69}}, {"id": 5118, "stationId": 778, "param": {"paramName": "dwutlenek siarki", "paramFormula": "SO2", "paramCode": "SO2", "idParam": 1}}], [{"id": 20310, "stationId": 785, "param": {"paramName": "py\u0142 zawieszony PM10", "paramFormula": "PM10", "paramCode": "PM10", "idParam": 3}}, {"id": 20311, "stationId": 785, "param": {"paramName": "py\u0142 zawieszony PM2.5", "paramFormula": "PM2.5", "paramCode": "PM2.5", "idParam": 69}}, {"id": 17249, "stationId": 785, "param": {"paramName": "benzen", "paramFormula": "C6H6", "paramCode": "C6H6", "idParam": 10}}, {"id": 31391, "stationId": 785, "param": {"paramName": "tlenek w\u0119gla", "paramFormula": "CO", "paramCode": "CO", "idParam": 8}}], [{"id": 17801, "stationId": 10794, "param": {"paramName": "py\u0142 zawieszony PM2.5", "paramFormula": "PM2.5", "paramCode": "PM2.5", "idParam": 69}}, {"id": 17796, "stationId": 10794, "param": {"paramName": "dwutlenek azotu", "paramFormula": "NO2", "paramCode": "NO2", "idParam": 6}}, {"id": 17799, "stationId": 10794, "param": {"paramName": "dwutlenek siarki", "paramFormula": "SO2", "paramCode": "SO2", "idParam": 1}}, {"id": 17800, "stationId": 10794, "param": {"paramName": "py\u0142 zawieszony PM10", "paramFormula": "PM10", "paramCode": "PM10", "idParam": 3}}], [{"id": 21043, "stationId": 11754, "param": {"paramName": "ozon", "paramFormula": "O3", "paramCode": "O3", "idParam": 5}}, {"id": 21045, "stationId": 11754, "param": {"paramName": "dwutlenek azotu", "paramFormula": "NO2", "paramCode": "NO2", "idParam": 6}}, {"id": 21047, "stationId": 11754, "param": {"paramName": "dwutlenek siarki", "paramFormula": "SO2", "paramCode": "SO2", "idParam": 1}}, {"id": 26004, "stationId": 11754, "param": {"paramName": "py\u0142 zawieszony PM10", "paramFormula": "PM10", "paramCode": "PM10", "idParam": 3}}], [{"id": 25995, "stationId": 12138, "param": {"paramName": "py\u0142 zawieszony PM10", "paramFormula": "PM10", "paramCode": "PM10", "idParam": 3}}, {"id": 25997, "stationId": 12138, "param": {"paramName": "py\u0142 zawieszony PM2.5", "paramFormula": "PM2.5", "paramCode": "PM2.5", "idParam": 69}}], [{"id": 29555, "stationId": 17758, "param": {"paramName": "ozon", "paramFormula": "O3", "paramCode": "O3", "idParam": 5}}, {"id": 29547, "stationId": 17758, "param": {"paramName": "dwutlenek azotu", "paramFormula": "NO2", "paramCode": "NO2", "idParam": 6}}, {"id": 29556, "stationId": 17758, "param": {"paramName": "py\u0142 zawieszony PM2.5", "paramFormula": "PM2.5", "paramCode": "PM2.5", "idParam": 69}}, {"id": 29550, "stationId": 17758, "param": {"paramName": "py\u0142 zawieszony PM10", "paramFormula": "PM10", "paramCode": "PM10", "idParam": 3}}], [{"id": 5752, "stationId": 877, "param": {"paramName": "benzen", "paramFormula": "C6H6", "paramCode": "C6H6", "idParam": 10}}, {"id": 5754, "stationId": 877, "param": {"paramName": "tlenek w\u0119gla", "paramFormula": "CO", "paramCode": "CO", "idParam": 8}}, {"id": 5761, "stationId": 877, "param": {"paramName": "dwutlenek azotu", "paramFormula": "NO2", "paramCode": "NO2", "idParam": 6}}, {"id": 5763, "stationId": 877, "param": {"paramName": "ozon", "paramFormula": "O3", "paramCode": "O3", "idParam": 5}}, {"id": 5766, "stationId": 877, "param": {"paramName": "py\u0142 zawieszony PM10", "paramFormula": "PM10", "paramCode": "PM10", "idParam": 3}}, {"id": 5768, "stationId": 877, "param": {"paramName": "py\u0142 zawieszony PM2.5", "paramFormula": "PM2.5", "paramCode": "PM2.5", "idParam": 69}}, {"id": 5770, "stationId": 877, "param": {"paramName": "dwutlenek siarki", "paramFormula": "SO2", "paramCode": "SO2", "idParam": 1}}], [{"id": 5671, "stationId": 861, "param": {"paramName": "benzen", "paramFormula": "C6H6", "paramCode": "C6H6", "idParam": 10}}, {"id": 5673, "stationId": 861, "param": {"paramName": "tlenek w\u0119gla", "paramFormula": "CO", "paramCode": "CO", "idParam": 8}}, {"id": 5678, "stationId": 861, "param": {"paramName": "dwutlenek azotu", "paramFormula": "NO2", "paramCode": "NO2", "idParam": 6}}, {"id": 5680, "stationId": 861, "param": {"paramName": "ozon", "paramFormula": "O3", "paramCode": "O3", "idParam": 5}}, {"id": 5683, "stationId": 861, "param": {"paramName": "py\u0142 zawieszony PM10", "paramFormula": "PM10", "paramCode": "PM10", "idParam": 3}}, {"id": 5686, "stationId": 861, "param": {"paramName": "dwutlenek siarki", "paramFormula": "SO2", "paramCode": "SO2", "idParam": 1}}, {"id": 20691, "stationId": 861, "param": {"paramName": "py\u0142 zawieszony PM2.5", "paramFormula": "PM2.5", "paramCode": "PM2.5", "idParam": 69}}], [{"id": 5721, "stationId": 870, "param": {"paramName": "py\u0142 zawieszony PM10", "paramFormula": "PM10", "paramCode": "PM10", "idParam": 3}}], [{"id": 5826, "stationId": 882, "param": {"paramName": "ozon", "paramFormula": "O3", "paramCode": "O3", "idParam": 5}}, {"id": 16396, "stationId": 882, "param": {"paramName": "dwutlenek siarki", "paramFormula": "SO2", "paramCode": "SO2", "idParam": 1}}, {"id": 16424, "stationId": 882, "param": {"paramName": "dwutlenek azotu", "paramFormula": "NO2", "paramCode": "NO2", "idParam": 6}}], [{"id": 16214, "stationId": 10005, "param": {"paramName": "dwutlenek siarki", "paramFormula": "SO2", "paramCode": "SO2", "idParam": 1}}, {"id": 16216, "stationId": 10005, "param": {"paramName": "dwutlenek azotu", "paramFormula": "NO2", "paramCode": "NO2", "idParam": 6}}, {"id": 20322, "stationId": 10005, "param": {"paramName": "benzen", "paramFormula": "C6H6", "paramCode": "C6H6", "idParam": 10}}, {"id": 16171, "stationId": 10005, "param": {"paramName": "ozon", "paramFormula": "O3", "paramCode": "O3", "idParam": 5}}, {"id": 16173, "stationId": 10005, "param": {"paramName": "py\u0142 zawieszony PM10", "paramFormula": "PM10", "paramCode": "PM10", "idParam": 3}}, {"id": 27606, "stationId": 10005, "param": {"paramName": "py\u0142 zawieszony PM2.5", "paramFormula": "PM2.5", "paramCode": "PM2.5", "idParam": 69}}], [{"id": 16174, "stationId": 10030, "param": {"paramName": "tlenek w\u0119gla", "paramFormula": "CO", "paramCode": "CO", "idParam": 8}}, {"id": 16178, "stationId": 10030, "param": {"paramName": "py\u0142 zawieszony PM10", "paramFormula": "PM10", "paramCode": "PM10", "idParam": 3}}, {"id": 16180, "stationId": 10030, "param": {"paramName": "ozon", "paramFormula": "O3", "paramCode": "O3", "idParam": 5}}, {"id": 16181, "stationId": 10030, "param": {"paramName": "dwutlenek azotu", "paramFormula": "NO2", "paramCode": "NO2", "idParam": 6}}], [{"id": 6087, "stationId": 944, "param": {"paramName": "dwutlenek siarki", "paramFormula": "SO2", "paramCode": "SO2", "idParam": 1}}, {"id": 6085, "stationId": 944, "param": {"paramName": "py\u0142 zawieszony PM10", "paramFormula": "PM10", "paramCode": "PM10", "idParam": 3}}, {"id": 6074, "stationId": 944, "param": {"paramName": "benzen", "paramFormula": "C6H6", "paramCode": "C6H6", "idParam": 10}}, {"id": 6076, "stationId": 944, "param": {"paramName": "tlenek w\u0119gla", "paramFormula": "CO", "paramCode": "CO", "idParam": 8}}, {"id": 6081, "stationId": 944, "param": {"paramName": "dwutlenek azotu", "paramFormula": "NO2", "paramCode": "NO2", "idParam": 6}}, {"id": 20176, "stationId": 944, "param": {"paramName": "py\u0142 zawieszony PM2.5", "paramFormula": "PM2.5", "paramCode": "PM2.5", "idParam": 69}}], [{"id": 28767, "stationId": 16493, "param": {"paramName": "ozon", "paramFormula": "O3", "paramCode": "O3", "idParam": 5}}, {"id": 26990, "stationId": 16493, "param": {"paramName": "dwutlenek azotu", "paramFormula": "NO2", "paramCode": "NO2", "idParam": 6}}, {"id": 26996, "stationId": 16493, "param": {"paramName": "py\u0142 zawieszony PM10", "paramFormula": "PM10", "paramCode": "PM10", "idParam": 3}}, {"id": 26997, "stationId": 16493, "param": {"paramName": "py\u0142 zawieszony PM2.5", "paramFormula": "PM2.5", "paramCode": "PM2.5", "idParam": 69}}], [{"id": 6168, "stationId": 952, "param": {"paramName": "dwutlenek siarki", "paramFormula": "SO2", "paramCode": "SO2", "idParam": 1}}, {"id": 6161, "stationId": 952, "param": {"paramName": "dwutlenek azotu", "paramFormula": "NO2", "paramCode": "NO2", "idParam": 6}}, {"id": 6165, "stationId": 952, "param": {"paramName": "py\u0142 zawieszony PM2.5", "paramFormula": "PM2.5", "paramCode": "PM2.5", "idParam": 69}}, {"id": 14972, "stationId": 952, "param": {"paramName": "py\u0142 zawieszony PM10", "paramFormula": "PM10", "paramCode": "PM10", "idParam": 3}}, {"id": 16581, "stationId": 952, "param": {"paramName": "benzen", "paramFormula": "C6H6", "paramCode": "C6H6", "idParam": 10}}, {"id": 14890, "stationId": 952, "param": {"paramName": "ozon", "paramFormula": "O3", "paramCode": "O3", "idParam": 5}}, {"id": 14891, "stationId": 952, "param": {"paramName": "tlenek w\u0119gla", "paramFormula": "CO", "paramCode": "CO", "idParam": 8}}], [{"id": 5899, "stationId": 902, "param": {"paramName": "dwutlenek azotu", "paramFormula": "NO2", "paramCode": "NO2", "idParam": 6}}, {"id": 5902, "stationId": 902, "param": {"paramName": "ozon", "paramFormula": "O3", "paramCode": "O3", "idParam": 5}}, {"id": 5904, "stationId": 902, "param": {"paramName": "py\u0142 zawieszony PM10", "paramFormula": "PM10", "paramCode": "PM10", "idParam": 3}}, {"id": 28811, "stationId": 902, "param": {"paramName": "benzen", "paramFormula": "C6H6", "paramCode": "C6H6", "idParam": 10}}], [{"id": 5973, "stationId": 920, "param": {"paramName": "tlenek w\u0119gla", "paramFormula": "CO", "paramCode": "CO", "idParam": 8}}, {"id": 5979, "stationId": 920, "param": {"paramName": "dwutlenek azotu", "paramFormula": "NO2", "paramCode": "NO2", "idParam": 6}}, {"id": 5984, "stationId": 920, "param": {"paramName": "dwutlenek siarki", "paramFormula": "SO2", "paramCode": "SO2", "idParam": 1}}, {"id": 14893, "stationId": 920, "param": {"paramName": "py\u0142 zawieszony PM10", "paramFormula": "PM10", "paramCode": "PM10", "idParam": 3}}], [{"id": 6104, "stationId": 946, "param": {"paramName": "dwutlenek azotu", "paramFormula": "NO2", "paramCode": "NO2", "idParam": 6}}, {"id": 6106, "stationId": 946, "param": {"paramName": "ozon", "paramFormula": "O3", "paramCode": "O3", "idParam": 5}}, {"id": 6108, "stationId": 946, "param": {"paramName": "dwutlenek siarki", "paramFormula": "SO2", "paramCode": "SO2", "idParam": 1}}], [{"id": 6140, "stationId": 950, "param": {"paramName": "dwutlenek azotu", "paramFormula": "NO2", "paramCode": "NO2", "idParam": 6}}, {"id": 6142, "stationId": 950, "param": {"paramName": "ozon", "paramFormula": "O3", "paramCode": "O3", "idParam": 5}}, {"id": 14892, "stationId": 950, "param": {"paramName": "py\u0142 zawieszony PM10", "paramFormula": "PM10", "paramCode": "PM10", "idParam": 3}}], [{"id": 21686, "stationId": 9218, "param": {"paramName": "py\u0142 zawieszony PM10", "paramFormula": "PM10", "paramCode": "PM10", "idParam": 3}}], [{"id": 17945, "stationId": 10834, "param": {"paramName": "dwutlenek siarki", "paramFormula": "SO2", "paramCode": "SO2", "idParam": 1}}, {"id": 17956, "stationId": 10834, "param": {"paramName": "benzen", "paramFormula": "C6H6", "paramCode": "C6H6", "idParam": 10}}, {"id": 17957, "stationId": 10834, "param": {"paramName": "dwutlenek azotu", "paramFormula": "NO2", "paramCode": "NO2", "idParam": 6}}, {"id": 17958, "stationId": 10834, "param": {"paramName": "py\u0142 zawieszony PM10", "paramFormula": "PM10", "paramCode": "PM10", "idParam": 3}}, {"id": 17960, "stationId": 10834, "param": {"paramName": "tlenek w\u0119gla", "paramFormula": "CO", "paramCode": "CO", "idParam": 8}}], [{"id": 26998, "stationId": 16495, "param": {"paramName": "py\u0142 zawieszony PM10", "paramFormula": "PM10", "paramCode": "PM10", "idParam": 3}}], [{"id": 31577, "stationId": 20307, "param": {"paramName": "py\u0142 zawieszony PM10", "paramFormula": "PM10", "paramCode": "PM10", "idParam": 3}}, {"id": 31678, "stationId": 20307, "param": {"paramName": "py\u0142 zawieszony PM2.5", "paramFormula": "PM2.5", "paramCode": "PM2.5", "idParam": 69}}], [{"id": 6348, "stationId": 986, "param": {"paramName": "dwutlenek azotu", "paramFormula": "NO2", "paramCode": "NO2", "idParam": 6}}, {"id": 6350, "stationId": 986, "param": {"paramName": "ozon", "paramFormula": "O3", "paramCode": "O3", "idParam": 5}}, {"id": 6352, "stationId": 986, "param": {"paramName": "py\u0142 zawieszony PM10", "paramFormula": "PM10", "paramCode": "PM10", "idParam": 3}}, {"id": 6354, "stationId": 986, "param": {"paramName": "py\u0142 zawieszony PM2.5", "paramFormula": "PM2.5", "paramCode": "PM2.5", "idParam": 69}}], [{"id": 6379, "stationId": 987, "param": {"paramName": "dwutlenek azotu", "paramFormula": "NO2", "paramCode": "NO2", "idParam": 6}}, {"id": 6382, "stationId": 987, "param": {"paramName": "py\u0142 zawieszony PM10", "paramFormula": "PM10", "paramCode": "PM10", "idParam": 3}}, {"id": 6383, "stationId": 987, "param": {"paramName": "py\u0142 zawieszony PM2.5", "paramFormula": "PM2.5", "paramCode": "PM2.5", "idParam": 69}}, {"id": 6385, "stationId": 987, "param": {"paramName": "dwutlenek siarki", "paramFormula": "SO2", "paramCode": "SO2", "idParam": 1}}], [{"id": 6400, "stationId": 989, "param": {"paramName": "dwutlenek siarki", "paramFormula": "SO2", "paramCode": "SO2", "idParam": 1}}], [{"id": 6236, "stationId": 966, "param": {"paramName": "dwutlenek azotu", "paramFormula": "NO2", "paramCode": "NO2", "idParam": 6}}, {"id": 6238, "stationId": 966, "param": {"paramName": "py\u0142 zawieszony PM10", "paramFormula": "PM10", "paramCode": "PM10", "idParam": 3}}, {"id": 20586, "stationId": 966, "param": {"paramName": "tlenek w\u0119gla", "paramFormula": "CO", "paramCode": "CO", "idParam": 8}}, {"id": 20587, "stationId": 966, "param": {"paramName": "benzen", "paramFormula": "C6H6", "paramCode": "C6H6", "idParam": 10}}], [{"id": 20380, "stationId": 11336, "param": {"paramName": "ozon", "paramFormula": "O3", "paramCode": "O3", "idParam": 5}}, {"id": 26305, "stationId": 11336, "param": {"paramName": "dwutlenek siarki", "paramFormula": "SO2", "paramCode": "SO2", "idParam": 1}}, {"id": 20565, "stationId": 11336, "param": {"paramName": "dwutlenek azotu", "paramFormula": "NO2", "paramCode": "NO2", "idParam": 6}}], [{"id": 6212, "stationId": 961, "param": {"paramName": "dwutlenek azotu", "paramFormula": "NO2", "paramCode": "NO2", "idParam": 6}}, {"id": 6214, "stationId": 961, "param": {"paramName": "ozon", "paramFormula": "O3", "paramCode": "O3", "idParam": 5}}, {"id": 6218, "stationId": 961, "param": {"paramName": "dwutlenek siarki", "paramFormula": "SO2", "paramCode": "SO2", "idParam": 1}}], [{"id": 6320, "stationId": 983, "param": {"paramName": "dwutlenek azotu", "paramFormula": "NO2", "paramCode": "NO2", "idParam": 6}}, {"id": 6322, "stationId": 983, "param": {"paramName": "py\u0142 zawieszony PM10", "paramFormula": "PM10", "paramCode": "PM10", "idParam": 3}}, {"id": 6324, "stationId": 983, "param": {"paramName": "dwutlenek siarki", "paramFormula": "SO2", "paramCode": "SO2", "idParam": 1}}, {"id": 21352, "stationId": 983, "param": {"paramName": "tlenek w\u0119gla", "paramFormula": "CO", "paramCode": "CO", "idParam": 8}}, {"id": 20612, "stationId": 983, "param": {"paramName": "benzen", "paramFormula": "C6H6", "paramCode": "C6H6", "idParam": 10}}], [{"id": 29522, "stationId": 10934, "param": {"paramName": "py\u0142 zawieszony PM2.5", "paramFormula": "PM2.5", "paramCode": "PM2.5", "idParam": 69}}, {"id": 29523, "stationId": 10934, "param": {"paramName": "py\u0142 zawieszony PM10", "paramFormula": "PM10", "paramCode": "PM10", "idParam": 3}}], [{"id": 31375, "stationId": 20160, "param": {"paramName": "py\u0142 zawieszony PM2.5", "paramFormula": "PM2.5", "paramCode": "PM2.5", "idParam": 69}}, {"id": 31377, "stationId": 20160, "param": {"paramName": "py\u0142 zawieszony PM10", "paramFormula": "PM10", "paramCode": "PM10", "idParam": 3}}]]