{"72305": {"totalRecords": 1, "variableId": 72305, "measureUnitId": 26, "aggregateId": 1, "lastUpdate": null, "results": [{"id": "000000000000", "name": "POLSKA", "values": [{"year": "1995", "val": 38609399, "attrId": 1}, {"year": "1996", "val": 38639341, "attrId": 1}, {"year": "1997", "val": 38659979, "attrId": 1}, {"year": "1998", "val": 38666983, "attrId": 1}, {"year": "1999", "val": 38263303, "attrId": 1}, {"year": "2000", "val": 38253955, "attrId": 1}, {"year": "2001", "val": 38242197, "attrId": 1}, {"year": "2002", "val": 38218531, "attrId": 1}, {"year": "2003", "val": 38190608, "attrId": 1}, {"year": "2004", "val": 38173835, "attrId": 1}, {"year": "2005", "val": 38157055, "attrId": 1}, {"year": "2006", "val": 38125479, "attrId": 1}, {"year": "2007", "val": 38115641, "attrId": 1}, {"year": "2008", "val": 38135876, "attrId": 1}, {"year": "2009", "val": 38167329, "attrId": 1}, {"year": "2010", "val": 38529866, "attrId": 1}, {"year": "2011", "val": 38538447, "attrId": 1}, {"year": "2012", "val": 38533299, "attrId": 1}, {"year": "2013", "val": 38495659, "attrId": 1}, {"year": "2014", "val": 38478602, "attrId": 1}, {"year": "2015", "val": 38437239, "attrId": 1}, {"year": "2016", "val": 38432992, "attrId": 1}, {"year": "2017", "val": 38433558, "attrId": 1}, {"year": "2018", "val": 38411148, "attrId": 1}, {"year": "2019", "val": 38382576, "attrId": 1}, {"year": "2020", "val": 38088564, "attrId": 1}, {"year": "2021", "val": 37907704, "attrId": 1}, {"year": "2022", "val": 37766327, "attrId": 1}, {"year": "2023", "val": 37636508, "attrId": 1}]}]}}