{"72305": {"totalRecords": 16, "variableId": 72305, "measureUnitId": 26, "aggregateId": 1, "lastUpdate": null, "results": [{"id": "011200000000", "name": "MA\u0141OPOLSKIE", "values": [{"year": "1995", "val": 3190186, "attrId": 1}, {"year": "1996", "val": 3197064, "attrId": 1}, {"year": "1997", "val": 3206630, "attrId": 1}, {"year": "1998", "val": 3215885, "attrId": 1}, {"year": "1999", "val": 3217865, "attrId": 1}, {"year": "2000", "val": 3229139, "attrId": 1}, {"year": "2001", "val": 3236268, "attrId": 1}, {"year": "2002", "val": 3237217, "attrId": 1}, {"year": "2003", "val": 3252949, "attrId": 1}, {"year": "2004", "val": 3260201, "attrId": 1}, {"year": "2005", "val": 3266187, "attrId": 1}, {"year": "2006", "val": 3271206, "attrId": 1}, {"year": "2007", "val": 3279036, "attrId": 1}, {"year": "2008", "val": 3287136, "attrId": 1}, {"year": "2009", "val": 3298270, "attrId": 1}, {"year": "2010", "val": 3336699, "attrId": 1}, {"year": "2011", "val": 3346796, "attrId": 1}, {"year": "2012", "val": 3354077, "attrId": 1}, {"year": "2013", "val": 3360581, "attrId": 1}, {"year": "2014", "val": 3368336, "attrId": 1}, {"year": "2015", "val": 3372618, "attrId": 1}, {"year": "2016", "val": 3382260, "attrId": 1}, {"year": "2017", "val": 3391380, "attrId": 1}, {"year": "2018", "val": 3400577, "attrId": 1}, {"year": "2019", "val": 3410901, "attrId": 1}, {"year": "2020", "val": 3432692, "attrId": 1}, {"year": "2021", "val": 3430370, "attrId": 1}, {"year": "2022", "val": 3429014, "attrId": 1}, {"year": "2023", "val": 3429632, "attrId": 1}]}, {"id": "012400000000", "name": "\u015aL\u0104SKIE", "values": [{"year": "1995", "val": 4907930, "attrId": 1}, {"year": "1996", "val": 4902913, "attrId": 1}, {"year": "1997", "val": 4894230, "attrId": 1}, {"year": "1998", "val": 4882448, "attrId": 1}, {"year": "1999", "val": 4776856, "attrId": 1}, {"year": "2000", "val": 4758944, "attrId": 1}, {"year": "2001", "val": 4741816, "attrId": 1}, {"year": "2002", "val": 4731533, "attrId": 1}, {"year": "2003", "val": 4714982, "attrId": 1}, {"year": "2004", "val": 4700771, "attrId": 1}, {"year": "2005", "val": 4685775, "attrId": 1}, {"year": "2006", "val": 4669137, "attrId": 1}, {"year": "2007", "val": 4654115, "attrId": 1}, {"year": "2008", "val": 4645665, "attrId": 1}, {"year": "2009", "val": 4640725, "attrId": 1}, {"year": "2010", "val": 4634935, "attrId": 1}, {"year": "2011", "val": 4626357, "attrId": 1}, {"year": "2012", "val": 4615870, "attrId": 1}, {"year": "2013", "val": 4599447, "attrId": 1}, {"year": "2014", "val": 4585924, "attrId": 1}, {"year": "2015", "val": 4570849, "attrId": 1}, {"year": "2016", "val": 4559164, "attrId": 1}, {"year": "2017", "val": 4548180, "attrId": 1}, {"year": "2018", "val": 4533565, "attrId": 1}, {"year": "2019", "val": 4517635, "attrId": 1}, {"year": "2020", "val": 4412097, "attrId": 1}, {"year": "2021", "val": 4375947, "attrId": 1}, {"year": "2022", "val": 4346702, "attrId": 1}, {"year": "2023", "val": 4320130, "attrId": 1}]}, {"id": "020800000000", "name": "LUBUSKIE", "values": [{"year": "1995", "val": 1014591, "attrId": 1}, {"year": "1996", "val": 1017596, "attrId": 1}, {"year": "1997", "val": 1020345, "attrId": 1}, {"year": "1998", "val": 1022521, "attrId": 1}, {"year": "1999", "val": 1007967, "attrId": 1}, {"year": "2000", "val": 1008472, "attrId": 1}, {"year": "2001", "val": 1008983, "attrId": 1}, {"year": "2002", "val": 1008196, "attrId": 1}, {"year": "2003", "val": 1008786, "attrId": 1}, {"year": "2004", "val": 1009168, "attrId": 1}, {"year": "2005", "val": 1009198, "attrId": 1}, {"year": "2006", "val": 1008520, "attrId": 1}, {"year": "2007", "val": 1008481, "attrId": 1}, {"year": "2008", "val": 1008962, "attrId": 1}, {"year": "2009", "val": 1010047, "attrId": 1}, {"year": "2010", "val": 1023215, "attrId": 1}, {"year": "2011", "val": 1023158, "attrId": 1}, {"year": "2012", "val": 1023317, "attrId": 1}, {"year": "2013", "val": 1021470, "attrId": 1}, {"year": "2014", "val": 1020307, "attrId": 1}, {"year": "2015", "val": 1018075, "attrId": 1}, {"year": "2016", "val": 1017376, "attrId": 1}, {"year": "2017", "val": 1016832, "attrId": 1}, {"year": "2018", "val": 1014548, "attrId": 1}, {"year": "2019", "val": 1011592, "attrId": 1}, {"year": "2020", "val": 993329, "attrId": 1}, {"year": "2021", "val": 985487, "attrId": 1}, {"year": "2022", "val": 979976, "attrId": 1}, {"year": "2023", "val": 975023, "attrId": 1}]}, {"id": "023000000000", "name": "WIELKOPOLSKIE", "values": [{"year": "1995", "val": 3331941, "attrId": 1}, {"year": "1996", "val": 3339757, "attrId": 1}, {"year": "1997", "val": 3346045, "attrId": 1}, {"year": "1998", "val": 3351422, "attrId": 1}, {"year": "1999", "val": 3339749, "attrId": 1}, {"year": "2000", "val": 3345316, "attrId": 1}, {"year": "2001", "val": 3350437, "attrId": 1}, {"year": "2002", "val": 3355279, "attrId": 1}, {"year": "2003", "val": 3359932, "attrId": 1}, {"year": "2004", "val": 3365283, "attrId": 1}, {"year": "2005", "val": 3372417, "attrId": 1}, {"year": "2006", "val": 3378502, "attrId": 1}, {"year": "2007", "val": 3386882, "attrId": 1}, {"year": "2008", "val": 3397617, "attrId": 1}, {"year": "2009", "val": 3408281, "attrId": 1}, {"year": "2010", "val": 3446745, "attrId": 1}, {"year": "2011", "val": 3455477, "attrId": 1}, {"year": "2012", "val": 3462196, "attrId": 1}, {"year": "2013", "val": 3467016, "attrId": 1}, {"year": "2014", "val": 3472579, "attrId": 1}, {"year": "2015", "val": 3475323, "attrId": 1}, {"year": "2016", "val": 3481625, "attrId": 1}, {"year": "2017", "val": 3489210, "attrId": 1}, {"year": "2018", "val": 3493969, "attrId": 1}, {"year": "2019", "val": 3498733, "attrId": 1}, {"year": "2020", "val": 3507042, "attrId": 1}, {"year": "2021", "val": 3500030, "attrId": 1}, {"year": "2022", "val": 3493577, "attrId": 1}, {"year": "2023", "val": 3487973, "attrId": 1}]}, {"id": "023200000000", "name": "ZACHODNIOPOMORSKIE", "values": [{"year": "1995", "val": 1720782, "attrId": 1}, {"year": "1996", "val": 1725756, "attrId": 1}, {"year": "1997", "val": 1729848, "attrId": 1}, {"year": "1998", "val": 1731804, "attrId": 1}, {"year": "1999", "val": 1696925, "attrId": 1}, {"year": "2000", "val": 1697935, "attrId": 1}, {"year": "2001", "val": 1698402, "attrId": 1}, {"year": "2002", "val": 1697718, "attrId": 1}, {"year": "2003", "val": 1696073, "attrId": 1}, {"year": "2004", "val": 1694865, "attrId": 1}, {"year": "2005", "val": 1694178, "attrId": 1}, {"year": "2006", "val": 1692838, "attrId": 1}, {"year": "2007", "val": 1692271, "attrId": 1}, {"year": "2008", "val": 1692957, "attrId": 1}, {"year": "2009", "val": 1693198, "attrId": 1}, {"year": "2010", "val": 1723741, "attrId": 1}, {"year": "2011", "val": 1722739, "attrId": 1}, {"year": "2012", "val": 1721405, "attrId": 1}, {"year": "2013", "val": 1718861, "attrId": 1}, {"year": "2014", "val": 1715431, "attrId": 1}, {"year": "2015", "val": 1710482, "attrId": 1}, {"year": "2016", "val": 1708174, "attrId": 1}, {"year": "2017", "val": 1705533, "attrId": 1}, {"year": "2018", "val": 1701030, "attrId": 1}, {"year": "2019", "val": 1696193, "attrId": 1}, {"year": "2020", "val": 1661073, "attrId": 1}, {"year": "2021", "val": 1650021, "attrId": 1}, {"year": "2022", "val": 1640622, "attrId": 1}, {"year": "2023", "val": 1631784, "attrId": 1}]}, {"id": "030200000000", "name": "DOLNO\u015aL\u0104SKIE", "values": [{"year": "1995", "val": 2988278, "attrId": 1}, {"year": "1996", "val": 2986884, "attrId": 1}, {"year": "1997", "val": 2985381, "attrId": 1}, {"year": "1998", "val": 2982128, "attrId": 1}, {"year": "1999", "val": 2917139, "attrId": 1}, {"year": "2000", "val": 2912195, "attrId": 1}, {"year": "2001", "val": 2909622, "attrId": 1}, {"year": "2002", "val": 2904694, "attrId": 1}, {"year": "2003", "val": 2898313, "attrId": 1}, {"year": "2004", "val": 2893055, "attrId": 1}, {"year": "2005", "val": 2888232, "attrId": 1}, {"year": "2006", "val": 2882317, "attrId": 1}, {"year": "2007", "val": 2878410, "attrId": 1}, {"year": "2008", "val": 2877059, "attrId": 1}, {"year": "2009", "val": 2876627, "attrId": 1}, {"year": "2010", "val": 2917242, "attrId": 1}, {"year": "2011", "val": 2916577, "attrId": 1}, {"year": "2012", "val": 2914362, "attrId": 1}, {"year": "2013", "val": 2909997, "attrId": 1}, {"year": "2014", "val": 2908457, "attrId": 1}, {"year": "2015", "val": 2904207, "attrId": 1}, {"year": "2016", "val": 2903710, "attrId": 1}, {"year": "2017", "val": 2902547, "attrId": 1}, {"year": "2018", "val": 2901225, "attrId": 1}, {"year": "2019", "val": 2900163, "attrId": 1}, {"year": "2020", "val": 2908378, "attrId": 1}, {"year": "2021", "val": 2897737, "attrId": 1}, {"year": "2022", "val": 2888033, "attrId": 1}, {"year": "2023", "val": 2879271, "attrId": 1}]}, {"id": "031600000000", "name": "OPOLSKIE", "values": [{"year": "1995", "val": 1093172, "attrId": 1}, {"year": "1996", "val": 1092524, "attrId": 1}, {"year": "1997", "val": 1091077, "attrId": 1}, {"year": "1998", "val": 1089586, "attrId": 1}, {"year": "1999", "val": 1074205, "attrId": 1}, {"year": "2000", "val": 1070598, "attrId": 1}, {"year": "2001", "val": 1066438, "attrId": 1}, {"year": "2002", "val": 1061009, "attrId": 1}, {"year": "2003", "val": 1055667, "attrId": 1}, {"year": "2004", "val": 1051531, "attrId": 1}, {"year": "2005", "val": 1047407, "attrId": 1}, {"year": "2006", "val": 1041941, "attrId": 1}, {"year": "2007", "val": 1037088, "attrId": 1}, {"year": "2008", "val": 1033040, "attrId": 1}, {"year": "2009", "val": 1031097, "attrId": 1}, {"year": "2010", "val": 1017241, "attrId": 1}, {"year": "2011", "val": 1013950, "attrId": 1}, {"year": "2012", "val": 1010203, "attrId": 1}, {"year": "2013", "val": 1004416, "attrId": 1}, {"year": "2014", "val": 1000858, "attrId": 1}, {"year": "2015", "val": 996011, "attrId": 1}, {"year": "2016", "val": 993036, "attrId": 1}, {"year": "2017", "val": 990069, "attrId": 1}, {"year": "2018", "val": 986506, "attrId": 1}, {"year": "2019", "val": 982626, "attrId": 1}, {"year": "2020", "val": 955844, "attrId": 1}, {"year": "2021", "val": 948583, "attrId": 1}, {"year": "2022", "val": 942441, "attrId": 1}, {"year": "2023", "val": 936725, "attrId": 1}]}, {"id": "040400000000", "name": "KUJAWSKO-POMORSKIE", "values": [{"year": "1995", "val": 2092977, "attrId": 1}, {"year": "1996", "val": 2095819, "attrId": 1}, {"year": "1997", "val": 2098018, "attrId": 1}, {"year": "1998", "val": 2100106, "attrId": 1}, {"year": "1999", "val": 2068864, "attrId": 1}, {"year": "2000", "val": 2067817, "attrId": 1}, {"year": "2001", "val": 2069747, "attrId": 1}, {"year": "2002", "val": 2069166, "attrId": 1}, {"year": "2003", "val": 2068142, "attrId": 1}, {"year": "2004", "val": 2068258, "attrId": 1}, {"year": "2005", "val": 2068253, "attrId": 1}, {"year": "2006", "val": 2066371, "attrId": 1}, {"year": "2007", "val": 2066136, "attrId": 1}, {"year": "2008", "val": 2067918, "attrId": 1}, {"year": "2009", "val": 2069083, "attrId": 1}, {"year": "2010", "val": 2098711, "attrId": 1}, {"year": "2011", "val": 2098370, "attrId": 1}, {"year": "2012", "val": 2096404, "attrId": 1}, {"year": "2013", "val": 2092564, "attrId": 1}, {"year": "2014", "val": 2089992, "attrId": 1}, {"year": "2015", "val": 2086210, "attrId": 1}, {"year": "2016", "val": 2083927, "attrId": 1}, {"year": "2017", "val": 2082944, "attrId": 1}, {"year": "2018", "val": 2077775, "attrId": 1}, {"year": "2019", "val": 2072373, "attrId": 1}, {"year": "2020", "val": 2031550, "attrId": 1}, {"year": "2021", "val": 2017720, "attrId": 1}, {"year": "2022", "val": 2006876, "attrId": 1}, {"year": "2023", "val": 1996003, "attrId": 1}]}, {"id": "042200000000", "name": "POMORSKIE", "values": [{"year": "1995", "val": 2165684, "attrId": 1}, {"year": "1996", "val": 2172540, "attrId": 1}, {"year": "1997", "val": 2179104, "attrId": 1}, {"year": "1998", "val": 2185673, "attrId": 1}, {"year": "1999", "val": 2166230, "attrId": 1}, {"year": "2000", "val": 2172284, "attrId": 1}, {"year": "2001", "val": 2178337, "attrId": 1}, {"year": "2002", "val": 2183636, "attrId": 1}, {"year": "2003", "val": 2188918, "attrId": 1}, {"year": "2004", "val": 2194041, "attrId": 1}, {"year": "2005", "val": 2199043, "attrId": 1}, {"year": "2006", "val": 2203595, "attrId": 1}, {"year": "2007", "val": 2210920, "attrId": 1}, {"year": "2008", "val": 2219512, "attrId": 1}, {"year": "2009", "val": 2230099, "attrId": 1}, {"year": "2010", "val": 2275494, "attrId": 1}, {"year": "2011", "val": 2283500, "attrId": 1}, {"year": "2012", "val": 2290070, "attrId": 1}, {"year": "2013", "val": 2295811, "attrId": 1}, {"year": "2014", "val": 2302077, "attrId": 1}, {"year": "2015", "val": 2307710, "attrId": 1}, {"year": "2016", "val": 2315611, "attrId": 1}, {"year": "2017", "val": 2324251, "attrId": 1}, {"year": "2018", "val": 2333523, "attrId": 1}, {"year": "2019", "val": 2343928, "attrId": 1}, {"year": "2020", "val": 2358256, "attrId": 1}, {"year": "2021", "val": 2358726, "attrId": 1}, {"year": "2022", "val": 2358307, "attrId": 1}, {"year": "2023", "val": 2359573, "attrId": 1}]}, {"id": "042800000000", "name": "WARMI\u0143SKO-MAZURSKIE", "values": [{"year": "1995", "val": 1452423, "attrId": 1}, {"year": "1996", "val": 1456724, "attrId": 1}, {"year": "1997", "val": 1460432, "attrId": 1}, {"year": "1998", "val": 1463520, "attrId": 1}, {"year": "1999", "val": 1424772, "attrId": 1}, {"year": "2000", "val": 1427508, "attrId": 1}, {"year": "2001", "val": 1428469, "attrId": 1}, {"year": "2002", "val": 1428449, "attrId": 1}, {"year": "2003", "val": 1428885, "attrId": 1}, {"year": "2004", "val": 1428714, "attrId": 1}, {"year": "2005", "val": 1428601, "attrId": 1}, {"year": "2006", "val": 1426883, "attrId": 1}, {"year": "2007", "val": 1426155, "attrId": 1}, {"year": "2008", "val": 1427073, "attrId": 1}, {"year": "2009", "val": 1427118, "attrId": 1}, {"year": "2010", "val": 1453782, "attrId": 1}, {"year": "2011", "val": 1452596, "attrId": 1}, {"year": "2012", "val": 1450697, "attrId": 1}, {"year": "2013", "val": 1446915, "attrId": 1}, {"year": "2014", "val": 1443967, "attrId": 1}, {"year": "2015", "val": 1439675, "attrId": 1}, {"year": "2016", "val": 1436367, "attrId": 1}, {"year": "2017", "val": 1433945, "attrId": 1}, {"year": "2018", "val": 1428983, "attrId": 1}, {"year": "2019", "val": 1422737, "attrId": 1}, {"year": "2020", "val": 1385622, "attrId": 1}, {"year": "2021", "val": 1374699, "attrId": 1}, {"year": "2022", "val": 1366430, "attrId": 1}, {"year": "2023", "val": 1357910, "attrId": 1}]}, {"id": "051000000000", "name": "\u0141\u00d3DZKIE", "values": [{"year": "1995", "val": 2687761, "attrId": 1}, {"year": "1996", "val": 2680350, "attrId": 1}, {"year": "1997", "val": 2672823, "attrId": 1}, {"year": "1998", "val": 2663608, "attrId": 1}, {"year": "1999", "val": 2637438, "attrId": 1}, {"year": "2000", "val": 2627824, "attrId": 1}, {"year": "2001", "val": 2617318, "attrId": 1}, {"year": "2002", "val": 2607380, "attrId": 1}, {"year": "2003", "val": 2597094, "attrId": 1}, {"year": "2004", "val": 2587702, "attrId": 1}, {"year": "2005", "val": 2577465, "attrId": 1}, {"year": "2006", "val": 2566198, "attrId": 1}, {"year": "2007", "val": 2555898, "attrId": 1}, {"year": "2008", "val": 2548861, "attrId": 1}, {"year": "2009", "val": 2541832, "attrId": 1}, {"year": "2010", "val": 2542436, "attrId": 1}, {"year": "2011", "val": 2533681, "attrId": 1}, {"year": "2012", "val": 2524651, "attrId": 1}, {"year": "2013", "val": 2513093, "attrId": 1}, {"year": "2014", "val": 2504136, "attrId": 1}, {"year": "2015", "val": 2493603, "attrId": 1}, {"year": "2016", "val": 2485323, "attrId": 1}, {"year": "2017", "val": 2476315, "attrId": 1}, {"year": "2018", "val": 2466322, "attrId": 1}, {"year": "2019", "val": 2454779, "attrId": 1}, {"year": "2020", "val": 2415816, "attrId": 1}, {"year": "2021", "val": 2394946, "attrId": 1}, {"year": "2022", "val": 2378483, "attrId": 1}, {"year": "2023", "val": 2362519, "attrId": 1}]}, {"id": "052600000000", "name": "\u015aWI\u0118TOKRZYSKIE", "values": [{"year": "1995", "val": 1331481, "attrId": 1}, {"year": "1996", "val": 1330460, "attrId": 1}, {"year": "1997", "val": 1327859, "attrId": 1}, {"year": "1998", "val": 1326218, "attrId": 1}, {"year": "1999", "val": 1302518, "attrId": 1}, {"year": "2000", "val": 1302650, "attrId": 1}, {"year": "2001", "val": 1299382, "attrId": 1}, {"year": "2002", "val": 1295885, "attrId": 1}, {"year": "2003", "val": 1291598, "attrId": 1}, {"year": "2004", "val": 1288693, "attrId": 1}, {"year": "2005", "val": 1285007, "attrId": 1}, {"year": "2006", "val": 1279838, "attrId": 1}, {"year": "2007", "val": 1275550, "attrId": 1}, {"year": "2008", "val": 1272784, "attrId": 1}, {"year": "2009", "val": 1270120, "attrId": 1}, {"year": "2010", "val": 1282546, "attrId": 1}, {"year": "2011", "val": 1278116, "attrId": 1}, {"year": "2012", "val": 1273995, "attrId": 1}, {"year": "2013", "val": 1268239, "attrId": 1}, {"year": "2014", "val": 1263176, "attrId": 1}, {"year": "2015", "val": 1257179, "attrId": 1}, {"year": "2016", "val": 1252900, "attrId": 1}, {"year": "2017", "val": 1247732, "attrId": 1}, {"year": "2018", "val": 1241546, "attrId": 1}, {"year": "2019", "val": 1233961, "attrId": 1}, {"year": "2020", "val": 1199584, "attrId": 1}, {"year": "2021", "val": 1187693, "attrId": 1}, {"year": "2022", "val": 1178164, "attrId": 1}, {"year": "2023", "val": 1168499, "attrId": 1}]}, {"id": "060600000000", "name": "LUBELSKIE", "values": [{"year": "1995", "val": 2244628, "attrId": 1}, {"year": "1996", "val": 2244212, "attrId": 1}, {"year": "1997", "val": 2241952, "attrId": 1}, {"year": "1998", "val": 2239500, "attrId": 1}, {"year": "1999", "val": 2209083, "attrId": 1}, {"year": "2000", "val": 2206200, "attrId": 1}, {"year": "2001", "val": 2201720, "attrId": 1}, {"year": "2002", "val": 2196992, "attrId": 1}, {"year": "2003", "val": 2191172, "attrId": 1}, {"year": "2004", "val": 2185156, "attrId": 1}, {"year": "2005", "val": 2179611, "attrId": 1}, {"year": "2006", "val": 2172766, "attrId": 1}, {"year": "2007", "val": 2166213, "attrId": 1}, {"year": "2008", "val": 2161832, "attrId": 1}, {"year": "2009", "val": 2157202, "attrId": 1}, {"year": "2010", "val": 2178611, "attrId": 1}, {"year": "2011", "val": 2171857, "attrId": 1}, {"year": "2012", "val": 2165651, "attrId": 1}, {"year": "2013", "val": 2156150, "attrId": 1}, {"year": "2014", "val": 2147746, "attrId": 1}, {"year": "2015", "val": 2139726, "attrId": 1}, {"year": "2016", "val": 2133340, "attrId": 1}, {"year": "2017", "val": 2126317, "attrId": 1}, {"year": "2018", "val": 2117619, "attrId": 1}, {"year": "2019", "val": 2108270, "attrId": 1}, {"year": "2020", "val": 2056908, "attrId": 1}, {"year": "2021", "val": 2038299, "attrId": 1}, {"year": "2022", "val": 2024637, "attrId": 1}, {"year": "2023", "val": 2011047, "attrId": 1}]}, {"id": "061800000000", "name": "PODKARPACKIE", "values": [{"year": "1995", "val": 2105597, "attrId": 1}, {"year": "1996", "val": 2112560, "attrId": 1}, {"year": "1997", "val": 2117341, "attrId": 1}, {"year": "1998", "val": 2122164, "attrId": 1}, {"year": "1999", "val": 2098771, "attrId": 1}, {"year": "2000", "val": 2101375, "attrId": 1}, {"year": "2001", "val": 2104138, "attrId": 1}, {"year": "2002", "val": 2105050, "attrId": 1}, {"year": "2003", "val": 2097248, "attrId": 1}, {"year": "2004", "val": 2097975, "attrId": 1}, {"year": "2005", "val": 2098263, "attrId": 1}, {"year": "2006", "val": 2097564, "attrId": 1}, {"year": "2007", "val": 2097338, "attrId": 1}, {"year": "2008", "val": 2099495, "attrId": 1}, {"year": "2009", "val": 2101732, "attrId": 1}, {"year": "2010", "val": 2127948, "attrId": 1}, {"year": "2011", "val": 2128687, "attrId": 1}, {"year": "2012", "val": 2129951, "attrId": 1}, {"year": "2013", "val": 2129294, "attrId": 1}, {"year": "2014", "val": 2129187, "attrId": 1}, {"year": "2015", "val": 2127657, "attrId": 1}, {"year": "2016", "val": 2127656, "attrId": 1}, {"year": "2017", "val": 2129138, "attrId": 1}, {"year": "2018", "val": 2129015, "attrId": 1}, {"year": "2019", "val": 2127164, "attrId": 1}, {"year": "2020", "val": 2096166, "attrId": 1}, {"year": "2021", "val": 2085932, "attrId": 1}, {"year": "2022", "val": 2079098, "attrId": 1}, {"year": "2023", "val": 2071676, "attrId": 1}]}, {"id": "062000000000", "name": "PODLASKIE", "values": [{"year": "1995", "val": 1221877, "attrId": 1}, {"year": "1996", "val": 1223133, "attrId": 1}, {"year": "1997", "val": 1223944, "attrId": 1}, {"year": "1998", "val": 1223802, "attrId": 1}, {"year": "1999", "val": 1212269, "attrId": 1}, {"year": "2000", "val": 1210688, "attrId": 1}, {"year": "2001", "val": 1209439, "attrId": 1}, {"year": "2002", "val": 1207704, "attrId": 1}, {"year": "2003", "val": 1205117, "attrId": 1}, {"year": "2004", "val": 1202425, "attrId": 1}, {"year": "2005", "val": 1199689, "attrId": 1}, {"year": "2006", "val": 1196101, "attrId": 1}, {"year": "2007", "val": 1192660, "attrId": 1}, {"year": "2008", "val": 1191470, "attrId": 1}, {"year": "2009", "val": 1189731, "attrId": 1}, {"year": "2010", "val": 1203448, "attrId": 1}, {"year": "2011", "val": 1200982, "attrId": 1}, {"year": "2012", "val": 1198690, "attrId": 1}, {"year": "2013", "val": 1194965, "attrId": 1}, {"year": "2014", "val": 1191918, "attrId": 1}, {"year": "2015", "val": 1188800, "attrId": 1}, {"year": "2016", "val": 1186625, "attrId": 1}, {"year": "2017", "val": 1184548, "attrId": 1}, {"year": "2018", "val": 1181533, "attrId": 1}, {"year": "2019", "val": 1178353, "attrId": 1}, {"year": "2020", "val": 1156591, "attrId": 1}, {"year": "2021", "val": 1148720, "attrId": 1}, {"year": "2022", "val": 1143355, "attrId": 1}, {"year": "2023", "val": 1138216, "attrId": 1}]}, {"id": "071400000000", "name": "MAZOWIECKIE", "values": [{"year": "1995", "val": 5060091, "attrId": 1}, {"year": "1996", "val": 5061049, "attrId": 1}, {"year": "1997", "val": 5064950, "attrId": 1}, {"year": "1998", "val": 5066598, "attrId": 1}, {"year": "1999", "val": 5112652, "attrId": 1}, {"year": "2000", "val": 5115010, "attrId": 1}, {"year": "2001", "val": 5121681, "attrId": 1}, {"year": "2002", "val": 5128623, "attrId": 1}, {"year": "2003", "val": 5135732, "attrId": 1}, {"year": "2004", "val": 5145997, "attrId": 1}, {"year": "2005", "val": 5157729, "attrId": 1}, {"year": "2006", "val": 5171702, "attrId": 1}, {"year": "2007", "val": 5188488, "attrId": 1}, {"year": "2008", "val": 5204495, "attrId": 1}, {"year": "2009", "val": 5222167, "attrId": 1}, {"year": "2010", "val": 5267072, "attrId": 1}, {"year": "2011", "val": 5285604, "attrId": 1}, {"year": "2012", "val": 5301760, "attrId": 1}, {"year": "2013", "val": 5316840, "attrId": 1}, {"year": "2014", "val": 5334511, "attrId": 1}, {"year": "2015", "val": 5349114, "attrId": 1}, {"year": "2016", "val": 5365898, "attrId": 1}, {"year": "2017", "val": 5384617, "attrId": 1}, {"year": "2018", "val": 5403412, "attrId": 1}, {"year": "2019", "val": 5423168, "attrId": 1}, {"year": "2020", "val": 5517616, "attrId": 1}, {"year": "2021", "val": 5512794, "attrId": 1}, {"year": "2022", "val": 5510612, "attrId": 1}, {"year": "2023", "val": 5510527, "attrId": 1}]}]}}